-- Insert scripts for country
Insert into CHATAK_INHOUSE_CI.COUNTRY (ID,NAME,COUNTRY_FULL_NAME) values (1,'US','UNITED STATES');
Insert into CHATAK_INHOUSE_CI.COUNTRY (ID,NAME,COUNTRY_FULL_NAME) values (2,'Canada','CANADA');

-- Insert scripts for state
Insert into CHATAK_INHOUSE_CI.STATE (ID,COUNTRY_ID,NAME,ABBREVIATION) values (1,1,'Alabama','AL');
Insert into CHATAK_INHOUSE_CI.STATE (ID,COUNTRY_ID,NAME,ABBREVIATION) values (2,1,'Alaska','AK');
Insert into CHATAK_INHOUSE_CI.STATE (ID,COUNTRY_ID,NAME,ABBREVIATION) values (3,1,'Arizona','AZ');
Insert into CHATAK_INHOUSE_CI.STATE (ID,COUNTRY_ID,NAME,ABBREVIATION) values (4,1,'Arkansas','AR');
Insert into CHATAK_INHOUSE_CI.STATE (ID,COUNTRY_ID,NAME,ABBREVIATION) values (5,1,'California','CA');
Insert into CHATAK_INHOUSE_CI.STATE (ID,COUNTRY_ID,NAME,ABBREVIATION) values (6,1,'Colorado','CO');
Insert into CHATAK_INHOUSE_CI.STATE (ID,COUNTRY_ID,NAME,ABBREVIATION) values (7,1,'Connecticut','CT');
Insert into CHATAK_INHOUSE_CI.STATE (ID,COUNTRY_ID,NAME,ABBREVIATION) values (8,1,'Delaware','DE');
Insert into CHATAK_INHOUSE_CI.STATE (ID,COUNTRY_ID,NAME,ABBREVIATION) values (9,1,'District of Columbia','DC');
Insert into CHATAK_INHOUSE_CI.STATE (ID,COUNTRY_ID,NAME,ABBREVIATION) values (10,1,'Florida','FL');
Insert into CHATAK_INHOUSE_CI.STATE (ID,COUNTRY_ID,NAME,ABBREVIATION) values (11,1,'Georgia','GA');
Insert into CHATAK_INHOUSE_CI.STATE (ID,COUNTRY_ID,NAME,ABBREVIATION) values (12,1,'Hawaii','HI');
Insert into CHATAK_INHOUSE_CI.STATE (ID,COUNTRY_ID,NAME,ABBREVIATION) values (13,1,'Idaho','ID');
Insert into CHATAK_INHOUSE_CI.STATE (ID,COUNTRY_ID,NAME,ABBREVIATION) values (14,1,'Illinois','IL');
Insert into CHATAK_INHOUSE_CI.STATE (ID,COUNTRY_ID,NAME,ABBREVIATION) values (15,1,'Indiana','IN');
Insert into CHATAK_INHOUSE_CI.STATE (ID,COUNTRY_ID,NAME,ABBREVIATION) values (16,1,'Iowa','IA');
Insert into CHATAK_INHOUSE_CI.STATE (ID,COUNTRY_ID,NAME,ABBREVIATION) values (17,1,'Kansas','KS');
Insert into CHATAK_INHOUSE_CI.STATE (ID,COUNTRY_ID,NAME,ABBREVIATION) values (18,1,'Kentucky','KY');
Insert into CHATAK_INHOUSE_CI.STATE (ID,COUNTRY_ID,NAME,ABBREVIATION) values (19,1,'Louisiana','LA');
Insert into CHATAK_INHOUSE_CI.STATE (ID,COUNTRY_ID,NAME,ABBREVIATION) values (20,1,'Maine','ME');
Insert into CHATAK_INHOUSE_CI.STATE (ID,COUNTRY_ID,NAME,ABBREVIATION) values (21,1,'Maryland','MD');
Insert into CHATAK_INHOUSE_CI.STATE (ID,COUNTRY_ID,NAME,ABBREVIATION) values (22,1,'Massachusetts','MA');
Insert into CHATAK_INHOUSE_CI.STATE (ID,COUNTRY_ID,NAME,ABBREVIATION) values (23,1,'Michigan','MI');
Insert into CHATAK_INHOUSE_CI.STATE (ID,COUNTRY_ID,NAME,ABBREVIATION) values (24,1,'Minnesota','MN');
Insert into CHATAK_INHOUSE_CI.STATE (ID,COUNTRY_ID,NAME,ABBREVIATION) values (25,1,'Mississippi','MS');
Insert into CHATAK_INHOUSE_CI.STATE (ID,COUNTRY_ID,NAME,ABBREVIATION) values (26,1,'Missouri','MO');
Insert into CHATAK_INHOUSE_CI.STATE (ID,COUNTRY_ID,NAME,ABBREVIATION) values (27,1,'Montana','MT');
Insert into CHATAK_INHOUSE_CI.STATE (ID,COUNTRY_ID,NAME,ABBREVIATION) values (28,1,'Nebraska','NE');
Insert into CHATAK_INHOUSE_CI.STATE (ID,COUNTRY_ID,NAME,ABBREVIATION) values (29,1,'Nevada','NV');
Insert into CHATAK_INHOUSE_CI.STATE (ID,COUNTRY_ID,NAME,ABBREVIATION) values (30,1,'New Hampshire','NH');
Insert into CHATAK_INHOUSE_CI.STATE (ID,COUNTRY_ID,NAME,ABBREVIATION) values (31,1,'New Jersey','NJ');
Insert into CHATAK_INHOUSE_CI.STATE (ID,COUNTRY_ID,NAME,ABBREVIATION) values (32,1,'New Mexico','NM');
Insert into CHATAK_INHOUSE_CI.STATE (ID,COUNTRY_ID,NAME,ABBREVIATION) values (33,1,'New York','NY');
Insert into CHATAK_INHOUSE_CI.STATE (ID,COUNTRY_ID,NAME,ABBREVIATION) values (34,1,'North Carolina','NC');
Insert into CHATAK_INHOUSE_CI.STATE (ID,COUNTRY_ID,NAME,ABBREVIATION) values (35,1,'North Dakota','ND');
Insert into CHATAK_INHOUSE_CI.STATE (ID,COUNTRY_ID,NAME,ABBREVIATION) values (36,1,'Ohio','OH');
Insert into CHATAK_INHOUSE_CI.STATE (ID,COUNTRY_ID,NAME,ABBREVIATION) values (37,1,'Oklahoma','OK');
Insert into CHATAK_INHOUSE_CI.STATE (ID,COUNTRY_ID,NAME,ABBREVIATION) values (38,1,'Oregon','OR');
Insert into CHATAK_INHOUSE_CI.STATE (ID,COUNTRY_ID,NAME,ABBREVIATION) values (39,1,'Pennsylvania','PA');
Insert into CHATAK_INHOUSE_CI.STATE (ID,COUNTRY_ID,NAME,ABBREVIATION) values (40,1,'Rhode Island','RI');
Insert into CHATAK_INHOUSE_CI.STATE (ID,COUNTRY_ID,NAME,ABBREVIATION) values (41,1,'South Carolina','SC');
Insert into CHATAK_INHOUSE_CI.STATE (ID,COUNTRY_ID,NAME,ABBREVIATION) values (42,1,'South Dakota','SD');
Insert into CHATAK_INHOUSE_CI.STATE (ID,COUNTRY_ID,NAME,ABBREVIATION) values (43,1,'Tennessee','TN');
Insert into CHATAK_INHOUSE_CI.STATE (ID,COUNTRY_ID,NAME,ABBREVIATION) values (44,1,'Texas','TX');
Insert into CHATAK_INHOUSE_CI.STATE (ID,COUNTRY_ID,NAME,ABBREVIATION) values (45,1,'Utah','UT');
Insert into CHATAK_INHOUSE_CI.STATE (ID,COUNTRY_ID,NAME,ABBREVIATION) values (46,1,'Vermont','VT');
Insert into CHATAK_INHOUSE_CI.STATE (ID,COUNTRY_ID,NAME,ABBREVIATION) values (47,1,'Virginia','VA');
Insert into CHATAK_INHOUSE_CI.STATE (ID,COUNTRY_ID,NAME,ABBREVIATION) values (48,1,'Washington','WA');
Insert into CHATAK_INHOUSE_CI.STATE (ID,COUNTRY_ID,NAME,ABBREVIATION) values (49,1,'West Virginia',null);
Insert into CHATAK_INHOUSE_CI.STATE (ID,COUNTRY_ID,NAME,ABBREVIATION) values (50,1,'Wisconsin',null);
Insert into CHATAK_INHOUSE_CI.STATE (ID,COUNTRY_ID,NAME,ABBREVIATION) values (51,1,'Wyoming',null);
Insert into CHATAK_INHOUSE_CI.STATE (ID,COUNTRY_ID,NAME,ABBREVIATION) values (52,2,'Alberta','AB');
Insert into CHATAK_INHOUSE_CI.STATE (ID,COUNTRY_ID,NAME,ABBREVIATION) values (53,2,'British Columbia','BC');
Insert into CHATAK_INHOUSE_CI.STATE (ID,COUNTRY_ID,NAME,ABBREVIATION) values (54,2,'Labrador',null);
Insert into CHATAK_INHOUSE_CI.STATE (ID,COUNTRY_ID,NAME,ABBREVIATION) values (55,2,'Manitoba','MB');
Insert into CHATAK_INHOUSE_CI.STATE (ID,COUNTRY_ID,NAME,ABBREVIATION) values (56,2,'New Brunswick','NB');
Insert into CHATAK_INHOUSE_CI.STATE (ID,COUNTRY_ID,NAME,ABBREVIATION) values (57,2,'Newfoundland','NF');
Insert into CHATAK_INHOUSE_CI.STATE (ID,COUNTRY_ID,NAME,ABBREVIATION) values (58,2,'Nova Scotia','NS');
Insert into CHATAK_INHOUSE_CI.STATE (ID,COUNTRY_ID,NAME,ABBREVIATION) values (59,2,'Nunavut','NU');
Insert into CHATAK_INHOUSE_CI.STATE (ID,COUNTRY_ID,NAME,ABBREVIATION) values (60,2,'North West Terr.','NT');
Insert into CHATAK_INHOUSE_CI.STATE (ID,COUNTRY_ID,NAME,ABBREVIATION) values (61,2,'Ontario','ON');
Insert into CHATAK_INHOUSE_CI.STATE (ID,COUNTRY_ID,NAME,ABBREVIATION) values (62,2,'Prince Edward Is.','PE');
Insert into CHATAK_INHOUSE_CI.STATE (ID,COUNTRY_ID,NAME,ABBREVIATION) values (63,2,'Quebec','QC');
Insert into CHATAK_INHOUSE_CI.STATE (ID,COUNTRY_ID,NAME,ABBREVIATION) values (64,2,'Saskatchewen','SK');
Insert into CHATAK_INHOUSE_CI.STATE (ID,COUNTRY_ID,NAME,ABBREVIATION) values (65,2,'Yukon','YT');

-- Insert scripts for Application client
INSERT INTO APPLICATION_CLIENT(ID,APP_NAME,APP_DESCRIPTION,APP_ADMIN_EMAIL,APP_CLIENT_NAME,APP_CLIENT_EMAIL,APP_CLIENT_PHONE,APP_CLIENT_ADDRESS,APP_CLIENT_CITY,APP_CLIENT_COUNTRY,APP_CLIENT_ZIP,APP_CLIENT_ROLE,STATUS,ACTIVE_FROM,ACTIVE_TILL,APP_CLIENT_ID,APP_CLIENT_ACCESS,APP_AUTH_USER,APP_AUTH_PASS,CREATED_BY,UPDATED_BY,CREATED_DATE,UPDATED_DATE) VALUES(1,'CHATAK','PREPAID_PROJECT','prepaid@girmiti.com','CHATAK','prepaid@girmiti.com','1234567890','test','test','US','1234567890','ROLE_SUPER_ADMIN','Active',sysdate,sysdate,'ChatakPrepaidAdminUser','ChatakPrepaidAdminPass','ChatakPrepaidAdminBasicAuth','ChatakAdmin@Secure','1','1',sysdate,sysdate);
INSERT INTO APPLICATION_CLIENT(ID,APP_NAME,APP_DESCRIPTION,APP_ADMIN_EMAIL,APP_CLIENT_NAME,APP_CLIENT_EMAIL,APP_CLIENT_PHONE,APP_CLIENT_ADDRESS,APP_CLIENT_CITY,APP_CLIENT_COUNTRY,APP_CLIENT_ZIP,APP_CLIENT_ROLE,STATUS,ACTIVE_FROM,ACTIVE_TILL,APP_CLIENT_ID,APP_CLIENT_ACCESS,APP_AUTH_USER,APP_AUTH_PASS,CREATED_BY,UPDATED_BY,CREATED_DATE,UPDATED_DATE) VALUES(2,'CHATAK','PREPAID_PROJECT','prepaid@girmiti.com','CHATAK','prepaid@girmiti.com','1234567890','test','test','US','1234567890','ROLE_SUPER_ADMIN','Active',sysdate,sysdate,'ChatakPrepaidConsumerUser','ChatakPrepaidConsumerPass','ChatakPrepaidConsumerBasicAuth','ChatakConsumer@Secure','1','1',sysdate,sysdate);
INSERT INTO APPLICATION_CLIENT(ID,APP_NAME,APP_DESCRIPTION,APP_ADMIN_EMAIL,APP_CLIENT_NAME,APP_CLIENT_EMAIL,APP_CLIENT_PHONE,APP_CLIENT_ADDRESS,APP_CLIENT_CITY,APP_CLIENT_COUNTRY,APP_CLIENT_ZIP,APP_CLIENT_ROLE,STATUS,ACTIVE_FROM,ACTIVE_TILL,APP_CLIENT_ID,APP_CLIENT_ACCESS,APP_AUTH_USER,APP_AUTH_PASS,CREATED_BY,UPDATED_BY,CREATED_DATE,UPDATED_DATE) VALUES(3,'CHATAK','PREPAID_PROJECT','prepaid@girmiti.com','CHATAK','prepaid@girmiti.com','1234567890','test','test','US','1234567890','ROLE_SUPER_ADMIN','Active',sysdate,sysdate,'ChatakPrepaidAgentUser','ChatakPrepaidAgentPass','ChatakPrepaidAgentBasicAuth','ChatakAgent@Secure','1','1',sysdate,sysdate);

-- Insert scripts for System configuration
INSERT INTO SYSTEM_INTEGRATION(ID, PROPERTY_NAME, ENABLE_STATUS, DESCRIPTION, CREATED_BY, UPDATED_BY, CREATED_DATE, UPDATED_DATE) VALUES(1, 'ENABLE_REGISTRATION_PAGE', 'No', '', '1', '1', sysdate, sysdate);
INSERT INTO SYSTEM_INTEGRATION(ID, PROPERTY_NAME, ENABLE_STATUS, DESCRIPTION, CREATED_BY, UPDATED_BY, CREATED_DATE, UPDATED_DATE) VALUES(2, 'SHOW_REGISTRATION_BUTTON_ON_LOGIN_PAGE', 'No', '', '1', '1', sysdate, sysdate);
INSERT INTO SYSTEM_INTEGRATION(ID, PROPERTY_NAME, ENABLE_STATUS, DESCRIPTION, CREATED_BY, UPDATED_BY, CREATED_DATE, UPDATED_DATE) VALUES(3, 'IMAGE_VERIFICATION_REQUIRED', 'No', '', '1', '1', sysdate, sysdate);
INSERT INTO SYSTEM_INTEGRATION(ID, PROPERTY_NAME, ENABLE_STATUS, DESCRIPTION, CREATED_BY, UPDATED_BY, CREATED_DATE, UPDATED_DATE) VALUES(4, 'TERMS_AND_CONDITIONS', 'No', '', '1', '1', sysdate, sysdate);
INSERT INTO SYSTEM_INTEGRATION(ID, PROPERTY_NAME, ENABLE_STATUS, DESCRIPTION, CREATED_BY, UPDATED_BY, CREATED_DATE, UPDATED_DATE) VALUES(5, 'PASSWORD_RESET_MODULE', 'No', '', '1', '1', sysdate, sysdate);

-- Insert scripts for Regional settings
INSERT INTO REGIONAL_SETTINGS (ID, REGIONAL_LANGUAGE, NUMBER_FORMAT, DATE_FORMAT, HOUR_FORMAT, TIME_OFFSET, USER_SESSION_TIMEOUT, PAGE_REFRESH_RATE, ROW_PER_PAGE, REPORT_END_OFFTIME, CURRENCY, LOGOUT_TIME_URL, CREATED_DATE, UPDATED_DATE, CREATED_BY, UPDATED_BY) VALUES (1, 'English', '0,000.00', 'MM/DD/YYYY', '24h', '00', '10', '123', '20', 'HH:MM:SS', 'USD', 'http://localhost:8070/prepaidadmin/admin/logOut#no-back-button', SYSDATE, SYSDATE, '1', '1');

-- -- Insert scripts for Entities
INSERT INTO ENTITY (ID,NAME,DESCRIPTION) VALUES (1,'SYSTEM','System Entity');
INSERT INTO ENTITY (ID,NAME,DESCRIPTION) VALUES (2,'BANK','Bank Entity');
INSERT INTO ENTITY (ID,NAME,DESCRIPTION) VALUES (3,'PROGRAM_MANAGER','Program Manager Entity');
INSERT INTO ENTITY (ID,NAME,DESCRIPTION) VALUES (4,'SALES_PERSON','Sales Person Entity');
INSERT INTO ENTITY (ID,NAME,DESCRIPTION) VALUES (5,'PARTNER','Partner Entity');
INSERT INTO ENTITY (ID,NAME,DESCRIPTION) VALUES (6,'AGENT','Agent Entity');

-- Insert scripts for default User_role
INSERT INTO USER_ROLE (USER_ROLE_ID,NAME,DESCRIPTION,STATUS,ROLE_TYPE,REASON,CREATED_DATE,UPDATED_DATE,CREATED_BY,UPDATED_BY) VALUES(1,'SuperAdminRole','adminrole','Active','CP_SUPER_ADMIN','Default Super Admin',SYSDATE,SYSDATE,'CP_SUPER_ADMIN_1',null);

-- Insert scripts for default Admin user
INSERT INTO ADMIN_USER (ADMIN_USER_ID, USERNAME, EMAIL, PASSWORD, USER_ROLE_ID, PASS_RETRY_COUNT, FIRST_NAME, LAST_NAME, PHONE, STATUS, LOGIN_MODE,LAST_PASSWORD_CHANGE, PREVIOUS_PASSWORDS,CREATED_DATE, UPDATED_DATE, CREATED_BY, UPDATED_BY, USER_TYPE) VALUES ( SEQ_ADMIN_USER.nextval, 'sadmin', 'prepaid@girmiti.com', '$2a$10$bf4CbuE3A77mI6YOetgkQOv7.9z3LsEvgidMjCuvCb4ajXnnIu5FS', 1,0, 'SuperAdmin', 'Last Name', 8023456789, 'Active', 0,SYSDATE,'$2a$10$bf4CbuE3A77mI6YOetgkQOv7.9z3LsEvgidMjCuvCb4ajXnnIu5FS', SYSDATE, null, 'CP_SUPER_ADMIN_1',null, 'CP_SUPER_ADMIN' );
INSERT INTO ADMIN_USER (ADMIN_USER_ID, USERNAME, EMAIL, PASSWORD, USER_ROLE_ID, PASS_RETRY_COUNT, FIRST_NAME, LAST_NAME, PHONE, STATUS, LOGIN_MODE,LAST_PASSWORD_CHANGE, PREVIOUS_PASSWORDS,CREATED_DATE, UPDATED_DATE, CREATED_BY, UPDATED_BY, USER_TYPE) VALUES ( SEQ_ADMIN_USER.nextval, 'sadmin2', 'prepaid@girmiti.com', '$2a$10$bf4CbuE3A77mI6YOetgkQOv7.9z3LsEvgidMjCuvCb4ajXnnIu5FS', 1, 0, 'SuperAdmin', 'Last Name', 8023456789, 'Active', 0,SYSDATE,'$2a$10$bf4CbuE3A77mI6YOetgkQOv7.9z3LsEvgidMjCuvCb4ajXnnIu5FS', SYSDATE, null, 'CP_SUPER_ADMIN_1',null, 'CP_SUPER_ADMIN' );

-- Insert scripts for system entities
INSERT INTO BANK(BANK_ID,BANK_NAME,BANK_CODE,SETTL_ROUTING_NUMBER,SETTL_ACCOUNT_NUMBER,ADDRESS1,ADDRESS2,CITY,STATE,ZIP,COUNTRY,CONTACT_PERSON_NAME,CONTACT_PERSON_PHONE,CONTACT_PERSON_FAX,CONTACT_PERSON_EMAIL,CONTACT_PERSON_CELL,STATUS,REASON,CREATED_DATE,UPDATED_DATE,CREATED_BY,UPDATED_BY)	VALUES(SEQ_BANK.NEXTVAL,'SystemBank',0,0,0,null,null,null,null,null,null,null,null,null,null,null,'Active',null,sysdate,null,'CP_SUPER_ADMIN_1',null);
INSERT INTO PROGRAM_MANAGER(ID,COMPANY_NAME,BUSINESS_NAME,PROGRAM_MANAGER_NAME,CONTACT_NAME,CONTACT_PHONE,CONTACT_EMAIL,STATUS,REASON,CREATED_DATE,UPDATED_DATE,CREATED_BY,UPDATED_BY) VALUES(SEQ_PROGRAM_MANAGER.NEXTVAL,'SystemProgramManager','SystemProgramManager','SystemProgramManager',null,null,null,'Active',null,sysdate,null,'CP_SUPER_ADMIN_1',null);
INSERT INTO PROGRAM_MANAGER_ACCOUNT(ID,PROGRAM_MANAGER_ID,ACCOUNT_NUMBER,ACCOUNT_TYPE,AVAILABLE_BALANCE, CURRENT_BALANCE, STATUS,CREATED_DATE,UPDATED_DATE,CREATED_BY,UPDATED_BY) VALUES(SEQ_PROGRAM_MANAGER_ACCOUNT.nextval,(SELECT ID FROM PROGRAM_MANAGER WHERE PROGRAM_MANAGER_NAME='SystemProgramManager'), SEQ_PM_ACCOUNT_NUMBER.nextval,'SYSTEM_ACCOUNT',0,0,'Active',sysdate,null,'CP_SUPER_ADMIN_1',null);
INSERT INTO PROGRAM_MANAGER_ACCOUNT(ID,PROGRAM_MANAGER_ID,ACCOUNT_NUMBER,ACCOUNT_TYPE,AVAILABLE_BALANCE, CURRENT_BALANCE, STATUS,CREATED_DATE,UPDATED_DATE,CREATED_BY,UPDATED_BY) VALUES(SEQ_PROGRAM_MANAGER_ACCOUNT.nextval,(SELECT ID FROM PROGRAM_MANAGER WHERE PROGRAM_MANAGER_NAME='SystemProgramManager'), SEQ_PM_ACCOUNT_NUMBER.nextval,'FUNDING_ACCOUNT',0,0,'Active',sysdate,null,'CP_SUPER_ADMIN_1',null);
INSERT INTO BANK_PROGRAM_MANAGER_MAP(ID,BANK_ID,PROGRAM_MANAGER_ID) VALUES(SEQ_BANK_PROGRAM_MANAGER_MAP.NEXTVAL,(SELECT BANK_ID FROM BANK WHERE BANK_NAME='SystemBank'), (SELECT ID FROM PROGRAM_MANAGER WHERE PROGRAM_MANAGER_NAME='SystemProgramManager'));
INSERT INTO PARTNER(PARTNER_ID,PROGRAM_MANAGER_ID,COMPANY_NAME,BUSINESS_NAME,PARTNER_NAME,ADDRESS1,ADDRESS2,CITY,STATE,ZIP,COUNTRY,LOGO,CONTACT_NAME,CONTACT_PHONE,STATUS,REASON,CREATED_DATE,UPDATED_DATE,CREATED_BY,UPDATED_BY) VALUES(SEQ_PARTNER.NEXTVAL, (SELECT ID FROM PROGRAM_MANAGER WHERE PROGRAM_MANAGER_NAME='SystemProgramManager'),'SystemPartner','SystemPartner','SystemPartner',null,null,null,null,null,null,null,null,null,'Active',null,sysdate,null,'CP_SUPER_ADMIN_1',null);
INSERT INTO PARTNER_ACCOUNT(PARTNER_ACCOUNT_ID,PARTNER_ID,ACCOUNT_NUMBER,ACCOUNT_TYPE,AVAILABLE_BALANCE, CURRENT_BALANCE, STATUS,CREATED_DATE,UPDATED_DATE,CREATED_BY,UPDATED_BY) VALUES(SEQ_PARTNER_ACCOUNT.nextval,(select partner_id from partner where partner_name='SystemPartner'),SEQ_PARTNER_ACCOUNT_NUMBER.nextval,'NETWORK_ACCOUNT',0,0,'Active',sysdate,null,'CP_SUPER_ADMIN_1',null);
INSERT INTO PARTNER_ACCOUNT(PARTNER_ACCOUNT_ID,PARTNER_ID,ACCOUNT_NUMBER,ACCOUNT_TYPE,AVAILABLE_BALANCE, CURRENT_BALANCE, STATUS,CREATED_DATE,UPDATED_DATE,CREATED_BY,UPDATED_BY) VALUES(SEQ_PARTNER_ACCOUNT.nextval,(select partner_id from partner where partner_name='SystemPartner'),SEQ_PARTNER_ACCOUNT_NUMBER.nextval,'REVENUE_ACCOUNT',0,0,'Active',sysdate,null,'CP_SUPER_ADMIN_1',null);
INSERT INTO PARTNER_ACCOUNT(PARTNER_ACCOUNT_ID,PARTNER_ID,ACCOUNT_NUMBER,ACCOUNT_TYPE,AVAILABLE_BALANCE, CURRENT_BALANCE, STATUS,CREATED_DATE,UPDATED_DATE,CREATED_BY,UPDATED_BY) VALUES(SEQ_PARTNER_ACCOUNT.nextval,(select partner_id from partner where partner_name='SystemPartner'),SEQ_PARTNER_ACCOUNT_NUMBER.nextval,'SYSTEM_ACCOUNT',0,0,'Active',sysdate,null,'CP_SUPER_ADMIN_1',null);
INSERT INTO BANK_PARTNER_MAP(ID,BANK_ID,PARTNER_ID) VALUES(SEQ_BANK_PARTNER_MAP.NEXTVAL, (SELECT BANK_ID FROM BANK WHERE BANK_NAME='SystemBank'),(SELECT PARTNER_ID FROM PARTNER WHERE PARTNER_NAME='SystemPartner'));
INSERT INTO SALES_AGENT(SALES_AGENT_ID,SALES_AGENT_NAME,SALES_AGENT_ADDRESS1,SALES_AGENT_ADDRESS2,SALES_AGENT_COUNTRY,SALES_AGENT_STATE, SALES_AGENT_CITY,SALES_AGENT_ZIPCODE,SALES_AGENT_PHONENUM,SALES_AGENT_PHONEEXT,SALES_AGENT_MOBILENUM,SALES_AGENT_EMAIL,SALES_AGENT_FAX,SALES_AGENT_SSN,SALES_AGENT_STATUS,SALES_AGENT_REASON,CREATED_DATE,UPDATED_DATE,CREATED_BY,UPDATED_BY)VALUES(1,'System Sales Agent','address1','address2','US','Alabama','California','12345','123456789010','123','123456789010','test@test.com','1234567890','777-47-4444','Active','suspended',SYSDATE,SYSDATE,'CP_SUPER_ADMIN_1','CP_SUPER_ADMIN_1');
INSERT INTO SALES_AGENT_BANK_DETAILS( SALES_AGENT_BANK_ID,SALES_AGENT_ID,SALES_AGENT_BANKNAME,SALES_AGENT_BANKCOUNTRY,SALES_AGENT_BANKSTATE,SALES_AGENT_BANKCITY, SALES_AGENT_BANKROUTINGNUMBER,SALES_AGENT_BANKACCOUNTNUM) VALUES(1,1,'SYSTEM BANK','US','Alabama','US','00000000000',10222222222);
INSERT INTO AGENT(AGENT_ID,AGENT_NAME,AGENT_COMPANY_NAME,PARTNER_ID,AGENT_UID,TIN_SSN,AGENT_ANI,STATUS,CREATED_DATE,CREATED_BY,UPDATED_DATE,UPDATED_BY) VALUES (SEQ_AGENT_ID.NEXTVAL, 'SystemAgent', 'SystemAgentCompanyName', (select partner_id from partner where partner_name='SystemPartner'),'A00', 0, 0,'Active',sysdate,'CP_SUPER_ADMIN_1',null,null);
INSERT INTO AGENT_ACCOUNT(AGENT_ACCOUNT_ID,AGENT_ID,ACCOUNT_NUMBER,AVAILABLE_BALANCE,CURRENT_BALANCE,STATUS,CREATED_DATE,UPDATED_DATE,CREATED_BY,UPDATED_BY) VALUES (SEQ_AGENT_ACCOUNT.NEXTVAL, (SELECT AGENT_ID FROM AGENT WHERE AGENT_NAME='SystemAgent'), SEQ_AGENT_ACCOUNT_NUMBER.NEXTVAL, 0, 0,'Active',sysdate,null,'CP_SUPER_ADMIN_1',null);

-- Insert scripts for EMV related data
INSERT INTO AID (ID,APPLICATION_ID,APPLICATION_LABEL,CREATED_DATE,UPDATED_DATE,CREATED_BY,UPDATED_BY) VALUES(1,'VSDC','VSDC Application',SYSDATE,SYSDATE,'SEED DATA','SEED DATA');
INSERT INTO AID (ID,APPLICATION_ID,APPLICATION_LABEL,CREATED_DATE,UPDATED_DATE,CREATED_BY,UPDATED_BY) VALUES(2,'Mchip','Mchip Application',SYSDATE,SYSDATE,'SEED DATA','SEED DATA');
INSERT INTO AID (ID,APPLICATION_ID,APPLICATION_LABEL,CREATED_DATE,UPDATED_DATE,CREATED_BY,UPDATED_BY) VALUES(3,'Maestro','Maestro Application',SYSDATE,SYSDATE,'SEED DATA','SEED DATA');
INSERT INTO AID (ID,APPLICATION_ID,APPLICATION_LABEL,CREATED_DATE,UPDATED_DATE,CREATED_BY,UPDATED_BY) VALUES(4,'Amex','Amex Application',SYSDATE,SYSDATE,'SEED DATA','SEED DATA');
INSERT INTO AID (ID,APPLICATION_ID,APPLICATION_LABEL,CREATED_DATE,UPDATED_DATE,CREATED_BY,UPDATED_BY) VALUES(5,'Discover','Discover Application',SYSDATE,SYSDATE,'SEED DATA','SEED DATA');
INSERT INTO AID (ID,APPLICATION_ID,APPLICATION_LABEL,CREATED_DATE,UPDATED_DATE,CREATED_BY,UPDATED_BY) VALUES(6,'MasterCard','MasterCard Application',SYSDATE,SYSDATE,'SEED DATA','SEED DATA');
INSERT INTO AID(ID,APPLICATION_ID,APPLICATION_LABEL,CREATED_DATE,UPDATED_DATE,CREATED_BY,UPDATED_BY) VALUES(7,'VISA','VISA Application',SYSDATE,SYSDATE,'SEED DATA','SEED DATA');
INSERT INTO PROFILE_MASTER_DATA (ID,AIP_DATA,APPLICATION_ID,APPLICATION_PREFERRED_NAME,CARD_TRANSACTION_QUALIFIER,APPLICATION_FILE_LOCATOR,FORM_FACTOR_VALUE,PDOL,CDOL,ISSUER_ACTION_CODE_DEFAULT,ISSUER_ACTION_CODE_ONLINE, ISSUER_ACTION_CODE_DECLINE,CRYPTOGRAM_VERSION_NUMBER,CREATED_DATE,UPDATED_DATE,CREATED_BY,UPDATED_BY) VALUES (1,'0040',1,'VSDC Application','0100','08030300','238C0000','9F38189F66049F02069F03069F1A0295055F2A029A039C019F3704','0x00','0000000000','0000000000','0000000000','43',to_timestamp('28-APR-15 03.56.42.939000000 PM','DD-MON-RR HH.MI.SS.FF AM'),null,null,null);
INSERT INTO PROFILE_MASTER_DATA (ID,AIP_DATA,APPLICATION_ID,APPLICATION_PREFERRED_NAME,CARD_TRANSACTION_QUALIFIER,APPLICATION_FILE_LOCATOR,FORM_FACTOR_VALUE,PDOL,CDOL,ISSUER_ACTION_CODE_DEFAULT,ISSUER_ACTION_CODE_ONLINE, ISSUER_ACTION_CODE_DECLINE,CRYPTOGRAM_VERSION_NUMBER,CREATED_DATE,UPDATED_DATE,CREATED_BY,UPDATED_BY) VALUES (2,'0040',2,'Mchip Application','0100','08030300','238C0000','9F38189F66049F02069F03069F1A0295055F2A029A039C019F3704','0x00','0000000000','0000000000','0000000000','43',to_timestamp('28-APR-15 03.56.42.939000000 PM','DD-MON-RR HH.MI.SS.FF AM'),null,null,null);
INSERT INTO PROFILE_MASTER_DATA (ID,AIP_DATA,APPLICATION_ID,APPLICATION_PREFERRED_NAME,CARD_TRANSACTION_QUALIFIER,APPLICATION_FILE_LOCATOR,FORM_FACTOR_VALUE,PDOL,CDOL,ISSUER_ACTION_CODE_DEFAULT,ISSUER_ACTION_CODE_ONLINE, ISSUER_ACTION_CODE_DECLINE,CRYPTOGRAM_VERSION_NUMBER,CREATED_DATE,UPDATED_DATE,CREATED_BY,UPDATED_BY) VALUES (3,'0040',3,'Maestro Application','0100','08030300','238C0000','9F38189F66049F02069F03069F1A0295055F2A029A039C019F3704','0x00','0000000000','0000000000','0000000000','43',to_timestamp('28-APR-15 03.56.42.939000000 PM','DD-MON-RR HH.MI.SS.FF AM'),null,null,null);
INSERT INTO PROFILE_MASTER_DATA (ID,AIP_DATA,APPLICATION_ID,APPLICATION_PREFERRED_NAME,CARD_TRANSACTION_QUALIFIER,APPLICATION_FILE_LOCATOR,FORM_FACTOR_VALUE,PDOL,CDOL,ISSUER_ACTION_CODE_DEFAULT,ISSUER_ACTION_CODE_ONLINE, ISSUER_ACTION_CODE_DECLINE,CRYPTOGRAM_VERSION_NUMBER,CREATED_DATE,UPDATED_DATE,CREATED_BY,UPDATED_BY) VALUES (4,'0040',4,'Amex Application','0100','08030300','238C0000','9F38189F66049F02069F03069F1A0295055F2A029A039C019F3704','0x00','0000000000','0000000000','0000000000','43',to_timestamp('28-APR-15 03.56.42.939000000 PM','DD-MON-RR HH.MI.SS.FF AM'),null,null,null);
INSERT INTO PROFILE_MASTER_DATA (ID,AIP_DATA,APPLICATION_ID,APPLICATION_PREFERRED_NAME,CARD_TRANSACTION_QUALIFIER,APPLICATION_FILE_LOCATOR,FORM_FACTOR_VALUE,PDOL,CDOL,ISSUER_ACTION_CODE_DEFAULT,ISSUER_ACTION_CODE_ONLINE, ISSUER_ACTION_CODE_DECLINE,CRYPTOGRAM_VERSION_NUMBER,CREATED_DATE,UPDATED_DATE,CREATED_BY,UPDATED_BY) VALUES (5,'0040',5,'Discover Application','0100','08030300','238C0000','9F38189F66049F02069F03069F1A0295055F2A029A039C019F3704','0x00','0000000000','0000000000','0000000000','43',to_timestamp('28-APR-15 03.56.42.939000000 PM','DD-MON-RR HH.MI.SS.FF AM'),null,null,null);
INSERT INTO PROFILE_MASTER_DATA (ID,AIP_DATA,APPLICATION_ID,APPLICATION_PREFERRED_NAME,CARD_TRANSACTION_QUALIFIER,APPLICATION_FILE_LOCATOR,FORM_FACTOR_VALUE,PDOL,CDOL,ISSUER_ACTION_CODE_DEFAULT,ISSUER_ACTION_CODE_ONLINE, ISSUER_ACTION_CODE_DECLINE,CRYPTOGRAM_VERSION_NUMBER,CREATED_DATE,UPDATED_DATE,CREATED_BY,UPDATED_BY) VALUES (6,'0040',6,'MasterCard Application','0100','08030300','238C0000','9F38189F66049F02069F03069F1A0295055F2A029A039C019F3704','0x00','0000000000','0000000000','0000000000','43',to_timestamp('28-APR-15 03.56.42.939000000 PM','DD-MON-RR HH.MI.SS.FF AM'),null,null,null);
INSERT INTO PROFILE_MASTER_DATA (ID,AIP_DATA,APPLICATION_ID,APPLICATION_PREFERRED_NAME,CARD_TRANSACTION_QUALIFIER,APPLICATION_FILE_LOCATOR,FORM_FACTOR_VALUE,PDOL,CDOL,ISSUER_ACTION_CODE_DEFAULT,ISSUER_ACTION_CODE_ONLINE, ISSUER_ACTION_CODE_DECLINE,CRYPTOGRAM_VERSION_NUMBER,CREATED_DATE,UPDATED_DATE,CREATED_BY,UPDATED_BY) VALUES (7,'0040',7,'VISA Application','0100','08030300','238C0000','9F38189F66049F02069F03069F1A0295055F2A029A039C019F3704','0x00','0000000000','0000000000','0000000000','43',to_timestamp('28-APR-15 03.56.42.939000000 PM','DD-MON-RR HH.MI.SS.FF AM'),null,null,null);


-- Insert scripts for default agent role
INSERT INTO AGENT_ROLE (ID,AGENT_ID,NAME,DESCRIPTION,STATUS,REASON,CREATED_DATE,UPDATED_DATE,CREATED_BY,UPDATED_BY,USER_TYPE) VALUES(1,(SELECT AGENT_ID FROM AGENT WHERE AGENT_NAME='SystemAgent'), 'SuperAgentRole','System Admin Role','Active','Default Super Agent',SYSDATE,SYSDATE,'CP_SUPER_ADMIN_1',null,'ADMIN');
INSERT INTO AGENT_ROLE (ID,AGENT_ID,NAME,DESCRIPTION,STATUS,REASON,CREATED_DATE,UPDATED_DATE,CREATED_BY,UPDATED_BY,USER_TYPE) VALUES(2,(SELECT AGENT_ID FROM AGENT WHERE AGENT_NAME='SystemAgent'), 'SystemApproverRole', 'System Approver Role','Active','Default Approver Agent',SYSDATE,SYSDATE,'CP_SUPER_ADMIN_1',null,'APPROVER');
INSERT INTO AGENT_ROLE (ID,AGENT_ID,NAME,DESCRIPTION,STATUS,REASON,CREATED_DATE,UPDATED_DATE,CREATED_BY,UPDATED_BY,USER_TYPE) VALUES(3,(SELECT AGENT_ID FROM AGENT WHERE AGENT_NAME='SystemAgent'), 'SystemInitiatorRole', 'System Initiator Role','Active','Default Initiator Agent',SYSDATE,SYSDATE,'CP_SUPER_ADMIN_1',null,'INITIATOR');
INSERT INTO AGENT_ROLE (ID,AGENT_ID,NAME,DESCRIPTION,STATUS,REASON,CREATED_DATE,UPDATED_DATE,CREATED_BY,UPDATED_BY,USER_TYPE) VALUES(4,(SELECT AGENT_ID FROM AGENT WHERE AGENT_NAME='SystemAgent'), 'SystemApproverInitiatorRole', 'System Approver and Initiator Role','Active','Default Approver and initiator Agent',SYSDATE,SYSDATE,'CP_SUPER_ADMIN_1',null,'APPROVER_AND_INITIATOR');
INSERT INTO AGENT_ROLE (ID,AGENT_ID,NAME,DESCRIPTION,STATUS,REASON,CREATED_DATE,UPDATED_DATE,CREATED_BY,UPDATED_BY,USER_TYPE) VALUES(5,(SELECT AGENT_ID FROM AGENT WHERE AGENT_NAME='SystemAgent'), 'SystemCardLoaderRole', 'System Card Loader Role','Active','Default Card Loader Agent',SYSDATE,SYSDATE,'CP_SUPER_ADMIN_1',null,'CARD_LOADER');
INSERT INTO AGENT_ROLE (ID,AGENT_ID,NAME,DESCRIPTION,STATUS,REASON,CREATED_DATE,UPDATED_DATE,CREATED_BY,UPDATED_BY,USER_TYPE) VALUES(6,(SELECT AGENT_ID FROM AGENT WHERE AGENT_NAME='SystemAgent'), 'SystemReportsRole', 'System Reports Role','Active','Default Reports Agent',SYSDATE,SYSDATE,'CP_SUPER_ADMIN_1',null,'REPORTS');

-- Insert scripts for embossing file config
INSERT INTO EMBOSSING_FILE_CONFIG (EMBOSSING_FILE_CONFIG_ID, PARTNER_ID, CLIENT_PROGRAM_ID, ORDER_TYPE, SHIPMENT_METHOD, FILE_HEADER_RECORD_MARKER, FILE_FORMAT_VERSION, ORDER_RECORD_MARKER, LINE_RECORD_MARKER, SIGNATURE_REQUIRED, CARD_RECORD_MARKER, MESSAGE1, FILE_TRAILER_RECORD_MARKER, DEFAULT_FIRST_NAME, DEFAULT_LAST_NAME,CREATED_BY,CREATED_DATE,UPDATED_BY,UPDATED_DATE) VALUES (1, (select partner_id from partner where partner_name='SystemPartner'), 'Test Client ID','BULK','USPS','H1','1.5','H2','H3','Y','D4','T1', null,null,null,'CPSA_1',SYSDATE,null,null);

-- Insert scripts for Merchant Gratuity
INSERT INTO MERCHANT_GRATUITY VALUES(SEQ_MERCHANT_GRATUITY.NEXTVAL, 4121, 'Taxicabs and Limousines', '', 20);
INSERT INTO MERCHANT_GRATUITY VALUES(SEQ_MERCHANT_GRATUITY.NEXTVAL, 5812, 'Eating Places and Restaurants', '', 20);
INSERT INTO MERCHANT_GRATUITY VALUES(SEQ_MERCHANT_GRATUITY.NEXTVAL, 5813, 'Drinking Places, Bars and Taverns', '', 20);
INSERT INTO MERCHANT_GRATUITY VALUES(SEQ_MERCHANT_GRATUITY.NEXTVAL, 5814, 'Fast Food Restaurants', '', 20);
INSERT INTO MERCHANT_GRATUITY VALUES(SEQ_MERCHANT_GRATUITY.NEXTVAL, 7230, 'Beauty and Barber Shops', '', 20);
INSERT INTO MERCHANT_GRATUITY VALUES(SEQ_MERCHANT_GRATUITY.NEXTVAL, 7298, 'Health and Beauty Spas', '', 20);

--Fee Code Master value
-- POS purchase transaction fee codes
INSERT INTO FEE_CODE VALUES(SEQ_FEE_CODE.NEXTVAL, 'POS_PURCHASE - APPROVED', '00', '00','APPROVED');
INSERT INTO FEE_CODE VALUES(SEQ_FEE_CODE.NEXTVAL, 'POS_PURCHASE - INSUFFICIENT_FUNDS', '00', '51','INSUFFICIENT_FUNDS');
INSERT INTO FEE_CODE VALUES(SEQ_FEE_CODE.NEXTVAL, 'POS_PURCHASE - EXCEEDS_WITHDRAW_FREQUENCY_LIMIT', '00', '65','EXCEEDS_WITHDRAW_FREQUENCY_LIMIT');
INSERT INTO FEE_CODE VALUES(SEQ_FEE_CODE.NEXTVAL, 'POS_PURCHASE - EXCEEDS_WITHDRAW_AMOUNT_LIMIT', '00', '61','EXCEEDS_WITHDRAW_AMOUNT_LIMIT');
INSERT INTO FEE_CODE VALUES(SEQ_FEE_CODE.NEXTVAL, 'POS_PURCHASE - CVV_FAILED', '00', '89','CVV_FAILED');
INSERT INTO FEE_CODE VALUES(SEQ_FEE_CODE.NEXTVAL, 'POS_PURCHASE - EXPIRED_CARD', '00', '54','EXPIRED_CARD');
INSERT INTO FEE_CODE VALUES(SEQ_FEE_CODE.NEXTVAL, 'POS_PURCHASE - INVALID_AMOUNT', '00', '13','INVALID_AMOUNT');
INSERT INTO FEE_CODE VALUES(SEQ_FEE_CODE.NEXTVAL, 'POS_PURCHASE - INCORRECT_PIN', '00', '55','INCORRECT_PIN');
INSERT INTO FEE_CODE VALUES(SEQ_FEE_CODE.NEXTVAL, 'POS_PURCHASE - BAD_CVV2', '00', 'SR','BAD_CVV2');

-- ATM withdraw transaction fee codes
INSERT INTO FEE_CODE VALUES(SEQ_FEE_CODE.NEXTVAL, 'ATM_WITHDRAW - APPROVED', '01', '00','APPROVED');
INSERT INTO FEE_CODE VALUES(SEQ_FEE_CODE.NEXTVAL, 'ATM_WITHDRAW - INSUFFICIENT_FUNDS', '01', '51','INSUFFICIENT_FUNDS');
INSERT INTO FEE_CODE VALUES(SEQ_FEE_CODE.NEXTVAL, 'ATM_WITHDRAW - EXCEEDS_WITHDRAW_FREQUENCY_LIMIT', '01', '65','EXCEEDS_WITHDRAW_FREQUENCY_LIMIT');
INSERT INTO FEE_CODE VALUES(SEQ_FEE_CODE.NEXTVAL, 'ATM_WITHDRAW - EXCEEDS_WITHDRAW_AMOUNT_LIMIT', '01', '61','EXCEEDS_WITHDRAW_AMOUNT_LIMIT');
INSERT INTO FEE_CODE VALUES(SEQ_FEE_CODE.NEXTVAL, 'ATM_WITHDRAW - CVV_FAILED', '01', '89','CVV_FAILED');
INSERT INTO FEE_CODE VALUES(SEQ_FEE_CODE.NEXTVAL, 'ATM_WITHDRAW - EXPIRED_CARD', '01', '54','EXPIRED_CARD');
INSERT INTO FEE_CODE VALUES(SEQ_FEE_CODE.NEXTVAL, 'ATM_WITHDRAW - INVALID_AMOUNT', '01', '13','INVALID_AMOUNT');
INSERT INTO FEE_CODE VALUES(SEQ_FEE_CODE.NEXTVAL, 'ATM_WITHDRAW - INCORRECT_PIN', '01', '55','INCORRECT_PIN');
INSERT INTO FEE_CODE VALUES(SEQ_FEE_CODE.NEXTVAL, 'ATM_WITHDRAW - BAD_CVV2', '01', 'SR','BAD_CVV2');

-- POS purchase with cash back transaction fee codes
INSERT INTO FEE_CODE VALUES(SEQ_FEE_CODE.NEXTVAL, 'POS_PURCHASE_WITH_CASHBACK - APPROVED', '09', '00','APPROVED');
INSERT INTO FEE_CODE VALUES(SEQ_FEE_CODE.NEXTVAL, 'POS_PURCHASE_WITH_CASHBACK - INSUFFICIENT_FUNDS', '09', '51','INSUFFICIENT_FUNDS');
INSERT INTO FEE_CODE VALUES(SEQ_FEE_CODE.NEXTVAL, 'POS_PURCHASE_WITH_CASHBACK - EXCEEDS_WITHDRAW_FREQUENCY_LIMIT', '09', '65','EXCEEDS_WITHDRAW_FREQUENCY_LIMIT');
INSERT INTO FEE_CODE VALUES(SEQ_FEE_CODE.NEXTVAL, 'POS_PURCHASE_WITH_CASHBACK - EXCEEDS_WITHDRAW_AMOUNT_LIMIT', '09', '61','EXCEEDS_WITHDRAW_AMOUNT_LIMIT');
INSERT INTO FEE_CODE VALUES(SEQ_FEE_CODE.NEXTVAL, 'POS_PURCHASE_WITH_CASHBACK - CVV_FAILED', '09', '89','CVV_FAILED');
INSERT INTO FEE_CODE VALUES(SEQ_FEE_CODE.NEXTVAL, 'POS_PURCHASE_WITH_CASHBACK - EXPIRED_CARD', '09', '54','EXPIRED_CARD');
INSERT INTO FEE_CODE VALUES(SEQ_FEE_CODE.NEXTVAL, 'POS_PURCHASE_WITH_CASHBACK - INVALID_AMOUNT', '09', '13','INVALID_AMOUNT');
INSERT INTO FEE_CODE VALUES(SEQ_FEE_CODE.NEXTVAL, 'POS_PURCHASE_WITH_CASHBACK - INCORRECT_PIN', '09', '55','INCORRECT_PIN');
INSERT INTO FEE_CODE VALUES(SEQ_FEE_CODE.NEXTVAL, 'POS_PURCHASE_WITH_CASHBACK - BAD_CVV2', '09', 'SR','BAD_CVV2');

-- POS refund transaction fee codes
INSERT INTO FEE_CODE VALUES(SEQ_FEE_CODE.NEXTVAL, 'POS_REFUND - APPROVED', '20', '00','APPROVED');
INSERT INTO FEE_CODE VALUES(SEQ_FEE_CODE.NEXTVAL, 'POS_REFUND - INSUFFICIENT_FUNDS', '20', '51','INSUFFICIENT_FUNDS');
INSERT INTO FEE_CODE VALUES(SEQ_FEE_CODE.NEXTVAL, 'POS_REFUND - EXCEEDS_WITHDRAW_FREQUENCY_LIMIT', '20', '65','EXCEEDS_WITHDRAW_FREQUENCY_LIMIT');
INSERT INTO FEE_CODE VALUES(SEQ_FEE_CODE.NEXTVAL, 'POS_REFUND - EXCEEDS_WITHDRAW_AMOUNT_LIMIT', '20', '61','EXCEEDS_WITHDRAW_AMOUNT_LIMIT');
INSERT INTO FEE_CODE VALUES(SEQ_FEE_CODE.NEXTVAL, 'POS_REFUND - CVV_FAILED', '20', '89','CVV_FAILED');
INSERT INTO FEE_CODE VALUES(SEQ_FEE_CODE.NEXTVAL, 'POS_REFUND - EXPIRED_CARD', '20', '54','EXPIRED_CARD');
INSERT INTO FEE_CODE VALUES(SEQ_FEE_CODE.NEXTVAL, 'POS_REFUND - INVALID_AMOUNT', '20', '13','INVALID_AMOUNT');
INSERT INTO FEE_CODE VALUES(SEQ_FEE_CODE.NEXTVAL, 'POS_REFUND - INCORRECT_PIN', '20', '55','INCORRECT_PIN');
INSERT INTO FEE_CODE VALUES(SEQ_FEE_CODE.NEXTVAL, 'POS_REFUND - BAD_CVV2', '20', 'SR','BAD_CVV2');

-- ATM deposit transaction fee codes
INSERT INTO FEE_CODE VALUES(SEQ_FEE_CODE.NEXTVAL, 'ATM_DEPOSIT - APPROVED', '21', '00','APPROVED');
INSERT INTO FEE_CODE VALUES(SEQ_FEE_CODE.NEXTVAL, 'ATM_DEPOSIT - INSUFFICIENT_FUNDS', '21', '51','INSUFFICIENT_FUNDS');
INSERT INTO FEE_CODE VALUES(SEQ_FEE_CODE.NEXTVAL, 'ATM_DEPOSIT - EXCEEDS_WITHDRAW_FREQUENCY_LIMIT', '21', '65','EXCEEDS_WITHDRAW_FREQUENCY_LIMIT');
INSERT INTO FEE_CODE VALUES(SEQ_FEE_CODE.NEXTVAL, 'ATM_DEPOSIT - EXCEEDS_WITHDRAW_AMOUNT_LIMIT', '21', '61','EXCEEDS_WITHDRAW_AMOUNT_LIMIT');
INSERT INTO FEE_CODE VALUES(SEQ_FEE_CODE.NEXTVAL, 'ATM_DEPOSIT - CVV_FAILED', '21', '89','CVV_FAILED');
INSERT INTO FEE_CODE VALUES(SEQ_FEE_CODE.NEXTVAL, 'ATM_DEPOSIT - EXPIRED_CARD', '21', '54','EXPIRED_CARD');
INSERT INTO FEE_CODE VALUES(SEQ_FEE_CODE.NEXTVAL, 'ATM_DEPOSIT - INVALID_AMOUNT', '21', '13','INVALID_AMOUNT');
INSERT INTO FEE_CODE VALUES(SEQ_FEE_CODE.NEXTVAL, 'ATM_DEPOSIT - INCORRECT_PIN', '21', '55','INCORRECT_PIN');
INSERT INTO FEE_CODE VALUES(SEQ_FEE_CODE.NEXTVAL, 'ATM_DEPOSIT - BAD_CVV2', '21', 'SR','BAD_CVV2');

-- Balance Inquiry transaction fee codes
INSERT INTO FEE_CODE VALUES(SEQ_FEE_CODE.NEXTVAL, 'BALANCE_INQUIRY - APPROVED', '31', '00','APPROVED');
INSERT INTO FEE_CODE VALUES(SEQ_FEE_CODE.NEXTVAL, 'BALANCE_INQUIRY - INSUFFICIENT_FUNDS', '31', '51','INSUFFICIENT_FUNDS');
INSERT INTO FEE_CODE VALUES(SEQ_FEE_CODE.NEXTVAL, 'BALANCE_INQUIRY - EXCEEDS_WITHDRAW_FREQUENCY_LIMIT', '31', '65','EXCEEDS_WITHDRAW_FREQUENCY_LIMIT');
INSERT INTO FEE_CODE VALUES(SEQ_FEE_CODE.NEXTVAL, 'BALANCE_INQUIRY - EXCEEDS_WITHDRAW_AMOUNT_LIMIT', '31', '61','EXCEEDS_WITHDRAW_AMOUNT_LIMIT');
INSERT INTO FEE_CODE VALUES(SEQ_FEE_CODE.NEXTVAL, 'BALANCE_INQUIRY - CVV_FAILED', '31', '89','CVV_FAILED');
INSERT INTO FEE_CODE VALUES(SEQ_FEE_CODE.NEXTVAL, 'BALANCE_INQUIRY - EXPIRED_CARD', '31', '54','EXPIRED_CARD');
INSERT INTO FEE_CODE VALUES(SEQ_FEE_CODE.NEXTVAL, 'BALANCE_INQUIRY - INVALID_AMOUNT', '31', '13','INVALID_AMOUNT');
INSERT INTO FEE_CODE VALUES(SEQ_FEE_CODE.NEXTVAL, 'BALANCE_INQUIRY - INCORRECT_PIN', '31', '55','INCORRECT_PIN');
INSERT INTO FEE_CODE VALUES(SEQ_FEE_CODE.NEXTVAL, 'BALANCE_INQUIRY - BAD_CVV2', '31', 'SR','BAD_CVV2');

-- POS pinless ecom purchase transaction fee codes
INSERT INTO FEE_CODE VALUES(SEQ_FEE_CODE.NEXTVAL, 'POS_ECOM_PURCHASE - APPROVED', '50', '00','APPROVED');
INSERT INTO FEE_CODE VALUES(SEQ_FEE_CODE.NEXTVAL, 'POS_ECOM_PURCHASE - INSUFFICIENT_FUNDS', '50', '51','INSUFFICIENT_FUNDS');
INSERT INTO FEE_CODE VALUES(SEQ_FEE_CODE.NEXTVAL, 'POS_ECOM_PURCHASE - EXCEEDS_WITHDRAW_FREQUENCY_LIMIT', '50', '65','EXCEEDS_WITHDRAW_FREQUENCY_LIMIT');
INSERT INTO FEE_CODE VALUES(SEQ_FEE_CODE.NEXTVAL, 'POS_ECOM_PURCHASE - EXCEEDS_WITHDRAW_AMOUNT_LIMIT', '50', '61','EXCEEDS_WITHDRAW_AMOUNT_LIMIT');
INSERT INTO FEE_CODE VALUES(SEQ_FEE_CODE.NEXTVAL, 'POS_ECOM_PURCHASE - CVV_FAILED', '50', '89','CVV_FAILED');
INSERT INTO FEE_CODE VALUES(SEQ_FEE_CODE.NEXTVAL, 'POS_ECOM_PURCHASE - EXPIRED_CARD', '50', '54','EXPIRED_CARD');
INSERT INTO FEE_CODE VALUES(SEQ_FEE_CODE.NEXTVAL, 'POS_ECOM_PURCHASE - INVALID_AMOUNT', '50', '13','INVALID_AMOUNT');
INSERT INTO FEE_CODE VALUES(SEQ_FEE_CODE.NEXTVAL, 'POS_ECOM_PURCHASE - INCORRECT_PIN', '50', '55','INCORRECT_PIN');
INSERT INTO FEE_CODE VALUES(SEQ_FEE_CODE.NEXTVAL, 'POS_ECOM_PURCHASE - BAD_CVV2', '50', 'SR','BAD_CVV2');

-- POS pinless ecom credit transaction fee codes
INSERT INTO FEE_CODE VALUES(SEQ_FEE_CODE.NEXTVAL, 'POS_ECOM_CREDIT - APPROVED', '55', '00','APPROVED');
INSERT INTO FEE_CODE VALUES(SEQ_FEE_CODE.NEXTVAL, 'POS_ECOM_CREDIT - INSUFFICIENT_FUNDS', '55', '51','INSUFFICIENT_FUNDS');
INSERT INTO FEE_CODE VALUES(SEQ_FEE_CODE.NEXTVAL, 'POS_ECOM_CREDIT - EXCEEDS_WITHDRAW_FREQUENCY_LIMIT', '55', '65','EXCEEDS_WITHDRAW_FREQUENCY_LIMIT');
INSERT INTO FEE_CODE VALUES(SEQ_FEE_CODE.NEXTVAL, 'POS_ECOM_CREDIT - EXCEEDS_WITHDRAW_AMOUNT_LIMIT', '55', '61','EXCEEDS_WITHDRAW_AMOUNT_LIMIT');
INSERT INTO FEE_CODE VALUES(SEQ_FEE_CODE.NEXTVAL, 'POS_ECOM_CREDIT - CVV_FAILED', '55', '89','CVV_FAILED');
INSERT INTO FEE_CODE VALUES(SEQ_FEE_CODE.NEXTVAL, 'POS_ECOM_CREDIT - EXPIRED_CARD', '55', '54','EXPIRED_CARD');
INSERT INTO FEE_CODE VALUES(SEQ_FEE_CODE.NEXTVAL, 'POS_ECOM_CREDIT - INVALID_AMOUNT', '55', '13','INVALID_AMOUNT');
INSERT INTO FEE_CODE VALUES(SEQ_FEE_CODE.NEXTVAL, 'POS_ECOM_CREDIT - INCORRECT_PIN', '55', '55','INCORRECT_PIN');
INSERT INTO FEE_CODE VALUES(SEQ_FEE_CODE.NEXTVAL, 'POS_ECOM_CREDIT - BAD_CVV2', '55', 'SR','BAD_CVV2');

-- Inactivity fee transaction fee codes
INSERT INTO FEE_CODE VALUES(SEQ_FEE_CODE.NEXTVAL, 'CARD_INACTIVITY_FEE', NULL, NULL,'CARD_INACTIVITY_FEE');
INSERT INTO FEE_CODE VALUES(SEQ_FEE_CODE.NEXTVAL, 'ACCOUNT_TO_ACCOUNT_TRANSFER', NULL, NULL,'ACCOUNT_TO_ACCOUNT_TRANSFER');
INSERT INTO FEE_CODE VALUES(SEQ_FEE_CODE.NEXTVAL, 'MAINTENANCE_FEE', NULL, NULL,'MAINTENANCE_FEE');
INSERT INTO FEE_CODE VALUES(SEQ_FEE_CODE.NEXTVAL, 'MONTHLY_FEE', NULL, NULL,'MONTHLY_FEE');
INSERT INTO FEE_CODE VALUES(SEQ_FEE_CODE.NEXTVAL, 'PERIODIC_FEE', NULL, NULL,'PERIODIC_FEE');
INSERT INTO FEE_CODE VALUES(SEQ_FEE_CODE.NEXTVAL, 'PIN_CHANGE_FEE', NULL, NULL,'PIN_CHANGE_FEE');
INSERT INTO FEE_CODE VALUES(SEQ_FEE_CODE.NEXTVAL, 'REISSUANCE_CARD_FEE', NULL, NULL,'REISSUANCE_CARD_FEE');
INSERT INTO FEE_CODE VALUES(SEQ_FEE_CODE.NEXTVAL, 'CARD_ACTIVATION_FEE', NULL, NULL,'CARD_ACTIVATION_FEE');
INSERT INTO FEE_CODE VALUES(SEQ_FEE_CODE.NEXTVAL, 'ACCOUNT_CLOSURE_FEE', NULL, NULL,'ACCOUNT_CLOSURE_FEE');
INSERT INTO FEE_CODE VALUES(SEQ_FEE_CODE.NEXTVAL, 'CURRENCY_CONVERSION_RATE', NULL, NULL,'CURRENCY_CONVERSION_RATE');
INSERT INTO FEE_CODE VALUES(SEQ_FEE_CODE.NEXTVAL, 'REQUEST_CHECK', NULL, NULL,'REQUEST_CHECK');
INSERT INTO FEE_CODE VALUES(SEQ_FEE_CODE.NEXTVAL, 'RETURNED_ACHS', NULL, NULL,'RETURNED_ACHS');
INSERT INTO FEE_CODE VALUES(SEQ_FEE_CODE.NEXTVAL, 'CARD_REPLACEMENT_FEE', NULL, NULL,'CARD_REPLACEMENT_FEE');
INSERT INTO FEE_CODE VALUES(SEQ_FEE_CODE.NEXTVAL, 'ACCOUNT_INACTIVITY_FEE', NULL, NULL,'ACCOUNT_INACTIVITY_FEE');

-- Arroweye specific card designs
INSERT INTO CARD_DESIGN (ID, CARD_MANUFACTURER, CARD_TYPE, CARD_CODE) VALUES (1, 'Arroweye', 'Access Freedom', '1201');
INSERT INTO CARD_DESIGN (ID, CARD_MANUFACTURER, CARD_TYPE, CARD_CODE) VALUES (2, 'Arroweye', 'Release Pay', '1202');
INSERT INTO CARD_DESIGN (ID, CARD_MANUFACTURER, CARD_TYPE, CARD_CODE) VALUES (3, 'Arroweye', 'ArbiterPay', '1203');
INSERT INTO CARD_DESIGN (ID, CARD_MANUFACTURER, CARD_TYPE, CARD_CODE) VALUES (4, 'Arroweye', 'PRCARodeoPay', '1204');
INSERT INTO CARD_DESIGN (ID, CARD_MANUFACTURER, CARD_TYPE, CARD_CODE) VALUES (5, 'Arroweye', 'Rapid Pay Card', '1205');
INSERT INTO CARD_DESIGN (ID, CARD_MANUFACTURER, CARD_TYPE, CARD_CODE) VALUES (6, 'Arroweye', 'No Weekly Fee', '1206');
INSERT INTO CARD_DESIGN (ID, CARD_MANUFACTURER, CARD_TYPE, CARD_CODE) VALUES (7, 'Arroweye', 'ALDOC', '1207');
INSERT INTO CARD_DESIGN (ID, CARD_MANUFACTURER, CARD_TYPE, CARD_CODE) VALUES (8, 'Arroweye', 'TechFriends', '1208');
INSERT INTO CARD_DESIGN (ID, CARD_MANUFACTURER, CARD_TYPE, CARD_CODE) VALUES (9, 'Arroweye', 'AIA ID Card', '1209');
INSERT INTO CARD_DESIGN (ID, CARD_MANUFACTURER, CARD_TYPE, CARD_CODE) VALUES (10, 'Arroweye', 'EquityPay', '1210');
INSERT INTO CARD_DESIGN (ID, CARD_MANUFACTURER, CARD_TYPE, CARD_CODE) VALUES (11, 'Arroweye', 'AdoptionAdvance', '1211');
INSERT INTO CARD_DESIGN (ID, CARD_MANUFACTURER, CARD_TYPE, CARD_CODE) VALUES (12, 'Arroweye', 'Access Freedom EN', '1012');
INSERT INTO CARD_DESIGN (ID, CARD_MANUFACTURER, CARD_TYPE, CARD_CODE) VALUES (13, 'Arroweye', 'JuryFunds', '1212');
INSERT INTO CARD_DESIGN (ID, CARD_MANUFACTURER, CARD_TYPE, CARD_CODE) VALUES (14, 'Arroweye', 'R' || chr(38) ||'DCard', '1213');
INSERT INTO CARD_DESIGN (ID, CARD_MANUFACTURER, CARD_TYPE, CARD_CODE) VALUES (15, 'Arroweye', 'RapidPayMonthly', '1214');
INSERT INTO CARD_DESIGN (ID, CARD_MANUFACTURER, CARD_TYPE, CARD_CODE) VALUES (16, 'Arroweye', 'WPRARodeoPay', '1215');
INSERT INTO CARD_DESIGN (ID, CARD_MANUFACTURER, CARD_TYPE, CARD_CODE) VALUES (17, 'Arroweye', 'LNG Card', '1216');
INSERT INTO CARD_DESIGN (ID, CARD_MANUFACTURER, CARD_TYPE, CARD_CODE) VALUES (18, 'Arroweye', 'RodeoPay', '1217');
INSERT INTO CARD_DESIGN (ID, CARD_MANUFACTURER, CARD_TYPE, CARD_CODE) VALUES (19, 'Arroweye', 'WorkReleasePay PAYG', '1218');
INSERT INTO CARD_DESIGN (ID, CARD_MANUFACTURER, CARD_TYPE, CARD_CODE) VALUES (20, 'Arroweye', 'WorkReleasePay Monthly', '1219');
INSERT INTO CARD_DESIGN (ID, CARD_MANUFACTURER, CARD_TYPE, CARD_CODE) VALUES (21, 'Arroweye', 'NVDOC', '1220');
INSERT INTO CARD_DESIGN (ID, CARD_MANUFACTURER, CARD_TYPE, CARD_CODE) VALUES (22, 'Arroweye', 'ReleasePay 8.5x14', '1221');
INSERT INTO CARD_DESIGN (ID, CARD_MANUFACTURER, CARD_TYPE, CARD_CODE) VALUES (23, 'Arroweye', 'CardStork', '1222');
INSERT INTO CARD_DESIGN (ID, CARD_MANUFACTURER, CARD_TYPE, CARD_CODE) VALUES (24, 'Arroweye', 'JuryFunds Black', '1223');
INSERT INTO CARD_DESIGN (ID, CARD_MANUFACTURER, CARD_TYPE, CARD_CODE) VALUES (25, 'Arroweye', 'RP Green', '1224');
INSERT INTO CARD_DESIGN (ID, CARD_MANUFACTURER, CARD_TYPE, CARD_CODE) VALUES (26, 'Arroweye', 'RP Orange', '1225');
INSERT INTO CARD_DESIGN (ID, CARD_MANUFACTURER, CARD_TYPE, CARD_CODE) VALUES (27, 'Arroweye', 'RFScard', '1226');
INSERT INTO CARD_DESIGN (ID, CARD_MANUFACTURER, CARD_TYPE, CARD_CODE) VALUES (28, 'Arroweye', 'mFunds ReleasePay', '1227');

-- Insert scripts for admin feature list
INSERT INTO PREPAID_FEATURE (FEATURE_ID,NAME,FEATURE_LEVEL,ROLE_TYPE,REF_FEATURE_ID,STATUS,CREATED_DATE) VALUES (1,'Dashboard',0,'CP_SUPER_ADMIN',0,'Active',SYSDATE);

INSERT INTO PREPAID_FEATURE (FEATURE_ID,NAME,FEATURE_LEVEL,ROLE_TYPE,REF_FEATURE_ID,STATUS,CREATED_DATE) VALUES (2,'My Profile',1,'CP_SUPER_ADMIN',1,'Active',SYSDATE);
INSERT INTO PREPAID_FEATURE (FEATURE_ID,NAME,FEATURE_LEVEL,ROLE_TYPE,REF_FEATURE_ID,STATUS,CREATED_DATE) VALUES (3,'Pending Card Request',1,'CP_SUPER_ADMIN',1,'Active',SYSDATE);
INSERT INTO PREPAID_FEATURE (FEATURE_ID,NAME,FEATURE_LEVEL,ROLE_TYPE,REF_FEATURE_ID,STATUS,CREATED_DATE) VALUES (4,'Report Card Lost/Stolen',1,'CP_SUPER_ADMIN',1,'Active',SYSDATE);
INSERT INTO PREPAID_FEATURE (FEATURE_ID,NAME,FEATURE_LEVEL,ROLE_TYPE,REF_FEATURE_ID,STATUS,CREATED_DATE) VALUES (5,'Forms/Downloads',1,'CP_SUPER_ADMIN',1,'Active',SYSDATE);
INSERT INTO PREPAID_FEATURE (FEATURE_ID,NAME,FEATURE_LEVEL,ROLE_TYPE,REF_FEATURE_ID,STATUS,CREATED_DATE) VALUES (6,'News Feed',1,'CP_SUPER_ADMIN',1,'Active',SYSDATE);
INSERT INTO PREPAID_FEATURE (FEATURE_ID,NAME,FEATURE_LEVEL,ROLE_TYPE,REF_FEATURE_ID,STATUS,CREATED_DATE) VALUES (7,'Messages',1,'CP_SUPER_ADMIN',1,'Active',SYSDATE);

INSERT INTO PREPAID_FEATURE (FEATURE_ID,NAME,FEATURE_LEVEL,ROLE_TYPE,REF_FEATURE_ID,STATUS,CREATED_DATE) VALUES (8,'SetUp',0,'CP_SUPER_ADMIN',0,'Active',SYSDATE);

INSERT INTO PREPAID_FEATURE (FEATURE_ID,NAME,FEATURE_LEVEL,ROLE_TYPE,REF_FEATURE_ID,STATUS,CREATED_DATE) VALUES (9,'Bank',1,'CP_SUPER_ADMIN',8,'Active',SYSDATE);
INSERT INTO PREPAID_FEATURE (FEATURE_ID,NAME,FEATURE_LEVEL,ROLE_TYPE,REF_FEATURE_ID,STATUS,CREATED_DATE) VALUES (10,'View',2,'CP_SUPER_ADMIN',9,'Active',SYSDATE);
INSERT INTO PREPAID_FEATURE (FEATURE_ID,NAME,FEATURE_LEVEL,ROLE_TYPE,REF_FEATURE_ID,STATUS,CREATED_DATE) VALUES (11,'Create',2,'CP_SUPER_ADMIN',9,'Active',SYSDATE);
INSERT INTO PREPAID_FEATURE (FEATURE_ID,NAME,FEATURE_LEVEL,ROLE_TYPE,REF_FEATURE_ID,STATUS,CREATED_DATE) VALUES (12,'Edit',2,'CP_SUPER_ADMIN',9,'Active',SYSDATE);
INSERT INTO PREPAID_FEATURE (FEATURE_ID,NAME,FEATURE_LEVEL,ROLE_TYPE,REF_FEATURE_ID,STATUS,CREATED_DATE) VALUES (13,'Suspend',2,'CP_SUPER_ADMIN',9,'Active',SYSDATE);
INSERT INTO PREPAID_FEATURE (FEATURE_ID,NAME,FEATURE_LEVEL,ROLE_TYPE,REF_FEATURE_ID,STATUS,CREATED_DATE) VALUES (14,'Activate',2,'CP_SUPER_ADMIN',9,'Active',SYSDATE);

INSERT INTO PREPAID_FEATURE (FEATURE_ID,NAME,FEATURE_LEVEL,ROLE_TYPE,REF_FEATURE_ID,STATUS,CREATED_DATE) VALUES (15,'BIN',1,'CP_SUPER_ADMIN',8,'Active',SYSDATE);
INSERT INTO PREPAID_FEATURE (FEATURE_ID,NAME,FEATURE_LEVEL,ROLE_TYPE,REF_FEATURE_ID,STATUS,CREATED_DATE) VALUES (16,'View',2,'CP_SUPER_ADMIN',15,'Active',SYSDATE);
INSERT INTO PREPAID_FEATURE (FEATURE_ID,NAME,FEATURE_LEVEL,ROLE_TYPE,REF_FEATURE_ID,STATUS,CREATED_DATE) VALUES (17,'Create',2,'CP_SUPER_ADMIN',15,'Active',SYSDATE);
INSERT INTO PREPAID_FEATURE (FEATURE_ID,NAME,FEATURE_LEVEL,ROLE_TYPE,REF_FEATURE_ID,STATUS,CREATED_DATE) VALUES (18,'Edit',2,'CP_SUPER_ADMIN',15,'Active',SYSDATE);
INSERT INTO PREPAID_FEATURE (FEATURE_ID,NAME,FEATURE_LEVEL,ROLE_TYPE,REF_FEATURE_ID,STATUS,CREATED_DATE) VALUES (19,'Suspend',2,'CP_SUPER_ADMIN',15,'Active',SYSDATE);
INSERT INTO PREPAID_FEATURE (FEATURE_ID,NAME,FEATURE_LEVEL,ROLE_TYPE,REF_FEATURE_ID,STATUS,CREATED_DATE) VALUES (20,'Activate',2,'CP_SUPER_ADMIN',15,'Active',SYSDATE);

INSERT INTO PREPAID_FEATURE (FEATURE_ID,NAME,FEATURE_LEVEL,ROLE_TYPE,REF_FEATURE_ID,STATUS,CREATED_DATE) VALUES (21,'Program Manager',1,'CP_SUPER_ADMIN',8,'Active',SYSDATE);
INSERT INTO PREPAID_FEATURE (FEATURE_ID,NAME,FEATURE_LEVEL,ROLE_TYPE,REF_FEATURE_ID,STATUS,CREATED_DATE) VALUES (22,'View',2,'CP_SUPER_ADMIN',21,'Active',SYSDATE);
INSERT INTO PREPAID_FEATURE (FEATURE_ID,NAME,FEATURE_LEVEL,ROLE_TYPE,REF_FEATURE_ID,STATUS,CREATED_DATE) VALUES (23,'Create',2,'CP_SUPER_ADMIN',21,'Active',SYSDATE);
INSERT INTO PREPAID_FEATURE (FEATURE_ID,NAME,FEATURE_LEVEL,ROLE_TYPE,REF_FEATURE_ID,STATUS,CREATED_DATE) VALUES (24,'Edit',2,'CP_SUPER_ADMIN',21,'Active',SYSDATE);
INSERT INTO PREPAID_FEATURE (FEATURE_ID,NAME,FEATURE_LEVEL,ROLE_TYPE,REF_FEATURE_ID,STATUS,CREATED_DATE) VALUES (25,'Suspend',2,'CP_SUPER_ADMIN',21,'Active',SYSDATE);
INSERT INTO PREPAID_FEATURE (FEATURE_ID,NAME,FEATURE_LEVEL,ROLE_TYPE,REF_FEATURE_ID,STATUS,CREATED_DATE) VALUES (26,'Activate',2,'CP_SUPER_ADMIN',21,'Active',SYSDATE);

INSERT INTO PREPAID_FEATURE (FEATURE_ID,NAME,FEATURE_LEVEL,ROLE_TYPE,REF_FEATURE_ID,STATUS,CREATED_DATE) VALUES (27,'Partner',1,'CP_SUPER_ADMIN',8,'Active',SYSDATE);
INSERT INTO PREPAID_FEATURE (FEATURE_ID,NAME,FEATURE_LEVEL,ROLE_TYPE,REF_FEATURE_ID,STATUS,CREATED_DATE) VALUES (28,'View',2,'CP_SUPER_ADMIN',27,'Active',SYSDATE);
INSERT INTO PREPAID_FEATURE (FEATURE_ID,NAME,FEATURE_LEVEL,ROLE_TYPE,REF_FEATURE_ID,STATUS,CREATED_DATE) VALUES (29,'Create',2,'CP_SUPER_ADMIN',27,'Active',SYSDATE);
INSERT INTO PREPAID_FEATURE (FEATURE_ID,NAME,FEATURE_LEVEL,ROLE_TYPE,REF_FEATURE_ID,STATUS,CREATED_DATE) VALUES (30,'Edit',2,'CP_SUPER_ADMIN',27,'Active',SYSDATE);
INSERT INTO PREPAID_FEATURE (FEATURE_ID,NAME,FEATURE_LEVEL,ROLE_TYPE,REF_FEATURE_ID,STATUS,CREATED_DATE) VALUES (31,'Suspend',2,'CP_SUPER_ADMIN',27,'Active',SYSDATE);
INSERT INTO PREPAID_FEATURE (FEATURE_ID,NAME,FEATURE_LEVEL,ROLE_TYPE,REF_FEATURE_ID,STATUS,CREATED_DATE) VALUES (32,'Activate',2,'CP_SUPER_ADMIN',27,'Active',SYSDATE);

INSERT INTO PREPAID_FEATURE (FEATURE_ID,NAME,FEATURE_LEVEL,ROLE_TYPE,REF_FEATURE_ID,STATUS,CREATED_DATE) VALUES (33,'Partner Group',1,'CP_SUPER_ADMIN',8,'Active',SYSDATE);
INSERT INTO PREPAID_FEATURE (FEATURE_ID,NAME,FEATURE_LEVEL,ROLE_TYPE,REF_FEATURE_ID,STATUS,CREATED_DATE) VALUES (34,'View',2,'CP_SUPER_ADMIN',33,'Active',SYSDATE);
INSERT INTO PREPAID_FEATURE (FEATURE_ID,NAME,FEATURE_LEVEL,ROLE_TYPE,REF_FEATURE_ID,STATUS,CREATED_DATE) VALUES (35,'Create',2,'CP_SUPER_ADMIN',33,'Active',SYSDATE);
INSERT INTO PREPAID_FEATURE (FEATURE_ID,NAME,FEATURE_LEVEL,ROLE_TYPE,REF_FEATURE_ID,STATUS,CREATED_DATE) VALUES (36,'Edit',2,'CP_SUPER_ADMIN',33,'Active',SYSDATE);
INSERT INTO PREPAID_FEATURE (FEATURE_ID,NAME,FEATURE_LEVEL,ROLE_TYPE,REF_FEATURE_ID,STATUS,CREATED_DATE) VALUES (37,'Suspend',2,'CP_SUPER_ADMIN',33,'Active',SYSDATE);
INSERT INTO PREPAID_FEATURE (FEATURE_ID,NAME,FEATURE_LEVEL,ROLE_TYPE,REF_FEATURE_ID,STATUS,CREATED_DATE) VALUES (38,'Activate',2,'CP_SUPER_ADMIN',33,'Active',SYSDATE);

INSERT INTO PREPAID_FEATURE (FEATURE_ID,NAME,FEATURE_LEVEL,ROLE_TYPE,REF_FEATURE_ID,STATUS,CREATED_DATE) VALUES (39,'Sales Person',1,'CP_SUPER_ADMIN',8,'Active',SYSDATE);
INSERT INTO PREPAID_FEATURE (FEATURE_ID,NAME,FEATURE_LEVEL,ROLE_TYPE,REF_FEATURE_ID,STATUS,CREATED_DATE) VALUES (40,'View',2,'CP_SUPER_ADMIN',39,'Active',SYSDATE);
INSERT INTO PREPAID_FEATURE (FEATURE_ID,NAME,FEATURE_LEVEL,ROLE_TYPE,REF_FEATURE_ID,STATUS,CREATED_DATE) VALUES (41,'Create',2,'CP_SUPER_ADMIN',39,'Active',SYSDATE);
INSERT INTO PREPAID_FEATURE (FEATURE_ID,NAME,FEATURE_LEVEL,ROLE_TYPE,REF_FEATURE_ID,STATUS,CREATED_DATE) VALUES (42,'Edit',2,'CP_SUPER_ADMIN',39,'Active',SYSDATE);
INSERT INTO PREPAID_FEATURE (FEATURE_ID,NAME,FEATURE_LEVEL,ROLE_TYPE,REF_FEATURE_ID,STATUS,CREATED_DATE) VALUES (43,'Suspend',2,'CP_SUPER_ADMIN',39,'Active',SYSDATE);
INSERT INTO PREPAID_FEATURE (FEATURE_ID,NAME,FEATURE_LEVEL,ROLE_TYPE,REF_FEATURE_ID,STATUS,CREATED_DATE) VALUES (44,'Activate',2,'CP_SUPER_ADMIN',39,'Active',SYSDATE);

--INSERT INTO PREPAID_FEATURE (FEATURE_ID,NAME,FEATURE_LEVEL,ROLE_TYPE,REF_FEATURE_ID,STATUS,CREATED_DATE) VALUES (45,'Permissions',0,'CP_SUPER_ADMIN',0,'Active',SYSDATE);

INSERT INTO PREPAID_FEATURE (FEATURE_ID,NAME,FEATURE_LEVEL,ROLE_TYPE,REF_FEATURE_ID,STATUS,CREATED_DATE) VALUES (46,'Role',1,'CP_SUPER_ADMIN',8,'Active',SYSDATE);
INSERT INTO PREPAID_FEATURE (FEATURE_ID,NAME,FEATURE_LEVEL,ROLE_TYPE,REF_FEATURE_ID,STATUS,CREATED_DATE) VALUES (47,'View',2,'CP_SUPER_ADMIN',46,'Active',SYSDATE);
INSERT INTO PREPAID_FEATURE (FEATURE_ID,NAME,FEATURE_LEVEL,ROLE_TYPE,REF_FEATURE_ID,STATUS,CREATED_DATE) VALUES (48,'Create',2,'CP_SUPER_ADMIN',46,'Active',SYSDATE);
INSERT INTO PREPAID_FEATURE (FEATURE_ID,NAME,FEATURE_LEVEL,ROLE_TYPE,REF_FEATURE_ID,STATUS,CREATED_DATE) VALUES (49,'Edit',2,'CP_SUPER_ADMIN',46,'Active',SYSDATE);
INSERT INTO PREPAID_FEATURE (FEATURE_ID,NAME,FEATURE_LEVEL,ROLE_TYPE,REF_FEATURE_ID,STATUS,CREATED_DATE) VALUES (50,'Suspend',2,'CP_SUPER_ADMIN',46,'Active',SYSDATE);
INSERT INTO PREPAID_FEATURE (FEATURE_ID,NAME,FEATURE_LEVEL,ROLE_TYPE,REF_FEATURE_ID,STATUS,CREATED_DATE) VALUES (51,'Activate',2,'CP_SUPER_ADMIN',46,'Active',SYSDATE);

INSERT INTO PREPAID_FEATURE (FEATURE_ID,NAME,FEATURE_LEVEL,ROLE_TYPE,REF_FEATURE_ID,STATUS,CREATED_DATE) VALUES (52,'User',1,'CP_SUPER_ADMIN',8,'Active',SYSDATE);
INSERT INTO PREPAID_FEATURE (FEATURE_ID,NAME,FEATURE_LEVEL,ROLE_TYPE,REF_FEATURE_ID,STATUS,CREATED_DATE) VALUES (53,'View',2,'CP_SUPER_ADMIN',52,'Active',SYSDATE);
INSERT INTO PREPAID_FEATURE (FEATURE_ID,NAME,FEATURE_LEVEL,ROLE_TYPE,REF_FEATURE_ID,STATUS,CREATED_DATE) VALUES (54,'Create',2,'CP_SUPER_ADMIN',52,'Active',SYSDATE);
INSERT INTO PREPAID_FEATURE (FEATURE_ID,NAME,FEATURE_LEVEL,ROLE_TYPE,REF_FEATURE_ID,STATUS,CREATED_DATE) VALUES (55,'Edit',2,'CP_SUPER_ADMIN',52,'Active',SYSDATE);
INSERT INTO PREPAID_FEATURE (FEATURE_ID,NAME,FEATURE_LEVEL,ROLE_TYPE,REF_FEATURE_ID,STATUS,CREATED_DATE) VALUES (56,'Suspend',2,'CP_SUPER_ADMIN',52,'Active',SYSDATE);
INSERT INTO PREPAID_FEATURE (FEATURE_ID,NAME,FEATURE_LEVEL,ROLE_TYPE,REF_FEATURE_ID,STATUS,CREATED_DATE) VALUES (57,'Activate',2,'CP_SUPER_ADMIN',52,'Active',SYSDATE);

INSERT INTO PREPAID_FEATURE (FEATURE_ID,NAME,FEATURE_LEVEL,ROLE_TYPE,REF_FEATURE_ID,STATUS,CREATED_DATE) VALUES (58,'Programs',0,'CP_SUPER_ADMIN',0,'Active',SYSDATE);

INSERT INTO PREPAID_FEATURE (FEATURE_ID,NAME,FEATURE_LEVEL,ROLE_TYPE,REF_FEATURE_ID,STATUS,CREATED_DATE) VALUES (59,'Account Program',1,'CP_SUPER_ADMIN',58,'Active',SYSDATE);
INSERT INTO PREPAID_FEATURE (FEATURE_ID,NAME,FEATURE_LEVEL,ROLE_TYPE,REF_FEATURE_ID,STATUS,CREATED_DATE) VALUES (60,'View',2,'CP_SUPER_ADMIN',59,'Active',SYSDATE);
INSERT INTO PREPAID_FEATURE (FEATURE_ID,NAME,FEATURE_LEVEL,ROLE_TYPE,REF_FEATURE_ID,STATUS,CREATED_DATE) VALUES (61,'Create',2,'CP_SUPER_ADMIN',59,'Active',SYSDATE);
INSERT INTO PREPAID_FEATURE (FEATURE_ID,NAME,FEATURE_LEVEL,ROLE_TYPE,REF_FEATURE_ID,STATUS,CREATED_DATE) VALUES (62,'Edit',2,'CP_SUPER_ADMIN',59,'Active',SYSDATE);
INSERT INTO PREPAID_FEATURE (FEATURE_ID,NAME,FEATURE_LEVEL,ROLE_TYPE,REF_FEATURE_ID,STATUS,CREATED_DATE) VALUES (63,'Suspend',2,'CP_SUPER_ADMIN',59,'Active',SYSDATE);
INSERT INTO PREPAID_FEATURE (FEATURE_ID,NAME,FEATURE_LEVEL,ROLE_TYPE,REF_FEATURE_ID,STATUS,CREATED_DATE) VALUES (64,'Activate',2,'CP_SUPER_ADMIN',59,'Active',SYSDATE);

INSERT INTO PREPAID_FEATURE (FEATURE_ID,NAME,FEATURE_LEVEL,ROLE_TYPE,REF_FEATURE_ID,STATUS,CREATED_DATE) VALUES (65,'Fee Program',1,'CP_SUPER_ADMIN',58,'Active',SYSDATE);
INSERT INTO PREPAID_FEATURE (FEATURE_ID,NAME,FEATURE_LEVEL,ROLE_TYPE,REF_FEATURE_ID,STATUS,CREATED_DATE) VALUES (66,'View',2,'CP_SUPER_ADMIN',65,'Active',SYSDATE);
INSERT INTO PREPAID_FEATURE (FEATURE_ID,NAME,FEATURE_LEVEL,ROLE_TYPE,REF_FEATURE_ID,STATUS,CREATED_DATE) VALUES (67,'Create',2,'CP_SUPER_ADMIN',65,'Active',SYSDATE);
INSERT INTO PREPAID_FEATURE (FEATURE_ID,NAME,FEATURE_LEVEL,ROLE_TYPE,REF_FEATURE_ID,STATUS,CREATED_DATE) VALUES (68,'Edit',2,'CP_SUPER_ADMIN',65,'Active',SYSDATE);
INSERT INTO PREPAID_FEATURE (FEATURE_ID,NAME,FEATURE_LEVEL,ROLE_TYPE,REF_FEATURE_ID,STATUS,CREATED_DATE) VALUES (69,'Suspend',2,'CP_SUPER_ADMIN',65,'Active',SYSDATE);
INSERT INTO PREPAID_FEATURE (FEATURE_ID,NAME,FEATURE_LEVEL,ROLE_TYPE,REF_FEATURE_ID,STATUS,CREATED_DATE) VALUES (70,'Activate',2,'CP_SUPER_ADMIN',65,'Active',SYSDATE);

INSERT INTO PREPAID_FEATURE (FEATURE_ID,NAME,FEATURE_LEVEL,ROLE_TYPE,REF_FEATURE_ID,STATUS,CREATED_DATE) VALUES (71,'Card Program',1,'CP_SUPER_ADMIN',58,'Active',SYSDATE);
INSERT INTO PREPAID_FEATURE (FEATURE_ID,NAME,FEATURE_LEVEL,ROLE_TYPE,REF_FEATURE_ID,STATUS,CREATED_DATE) VALUES (72,'View',2,'CP_SUPER_ADMIN',71,'Active',SYSDATE);
INSERT INTO PREPAID_FEATURE (FEATURE_ID,NAME,FEATURE_LEVEL,ROLE_TYPE,REF_FEATURE_ID,STATUS,CREATED_DATE) VALUES (73,'Create',2,'CP_SUPER_ADMIN',71,'Active',SYSDATE);
INSERT INTO PREPAID_FEATURE (FEATURE_ID,NAME,FEATURE_LEVEL,ROLE_TYPE,REF_FEATURE_ID,STATUS,CREATED_DATE) VALUES (74,'Edit',2,'CP_SUPER_ADMIN',71,'Active',SYSDATE);
INSERT INTO PREPAID_FEATURE (FEATURE_ID,NAME,FEATURE_LEVEL,ROLE_TYPE,REF_FEATURE_ID,STATUS,CREATED_DATE) VALUES (75,'Suspend',2,'CP_SUPER_ADMIN',71,'Active',SYSDATE);
INSERT INTO PREPAID_FEATURE (FEATURE_ID,NAME,FEATURE_LEVEL,ROLE_TYPE,REF_FEATURE_ID,STATUS,CREATED_DATE) VALUES (76,'Activate',2,'CP_SUPER_ADMIN',71,'Active',SYSDATE);

INSERT INTO PREPAID_FEATURE (FEATURE_ID,NAME,FEATURE_LEVEL,ROLE_TYPE,REF_FEATURE_ID,STATUS,CREATED_DATE) VALUES (77,'Manage',0,'CP_SUPER_ADMIN',0,'Active',SYSDATE);

INSERT INTO PREPAID_FEATURE (FEATURE_ID,NAME,FEATURE_LEVEL,ROLE_TYPE,REF_FEATURE_ID,STATUS,CREATED_DATE) VALUES (78,'Customer',1,'CP_SUPER_ADMIN',77,'Active',SYSDATE);
INSERT INTO PREPAID_FEATURE (FEATURE_ID,NAME,FEATURE_LEVEL,ROLE_TYPE,REF_FEATURE_ID,STATUS,CREATED_DATE) VALUES (79,'View',2,'CP_SUPER_ADMIN',78,'Active',SYSDATE);
INSERT INTO PREPAID_FEATURE (FEATURE_ID,NAME,FEATURE_LEVEL,ROLE_TYPE,REF_FEATURE_ID,STATUS,CREATED_DATE) VALUES (80,'Create',2,'CP_SUPER_ADMIN',78,'Active',SYSDATE);
INSERT INTO PREPAID_FEATURE (FEATURE_ID,NAME,FEATURE_LEVEL,ROLE_TYPE,REF_FEATURE_ID,STATUS,CREATED_DATE) VALUES (81,'Edit',2,'CP_SUPER_ADMIN',78,'Active',SYSDATE);
INSERT INTO PREPAID_FEATURE (FEATURE_ID,NAME,FEATURE_LEVEL,ROLE_TYPE,REF_FEATURE_ID,STATUS,CREATED_DATE) VALUES (82,'Suspend',2,'CP_SUPER_ADMIN',78,'Active',SYSDATE);
INSERT INTO PREPAID_FEATURE (FEATURE_ID,NAME,FEATURE_LEVEL,ROLE_TYPE,REF_FEATURE_ID,STATUS,CREATED_DATE) VALUES (83,'Activate',2,'CP_SUPER_ADMIN',78,'Active',SYSDATE);

INSERT INTO PREPAID_FEATURE (FEATURE_ID,NAME,FEATURE_LEVEL,ROLE_TYPE,REF_FEATURE_ID,STATUS,CREATED_DATE) VALUES (84,'Account',1,'CP_SUPER_ADMIN',77,'Active',SYSDATE);
INSERT INTO PREPAID_FEATURE (FEATURE_ID,NAME,FEATURE_LEVEL,ROLE_TYPE,REF_FEATURE_ID,STATUS,CREATED_DATE) VALUES (85,'View',2,'CP_SUPER_ADMIN',84,'Active',SYSDATE);
INSERT INTO PREPAID_FEATURE (FEATURE_ID,NAME,FEATURE_LEVEL,ROLE_TYPE,REF_FEATURE_ID,STATUS,CREATED_DATE) VALUES (86,'Create',2,'CP_SUPER_ADMIN',84,'Active',SYSDATE);
INSERT INTO PREPAID_FEATURE (FEATURE_ID,NAME,FEATURE_LEVEL,ROLE_TYPE,REF_FEATURE_ID,STATUS,CREATED_DATE) VALUES (87,'Edit',2,'CP_SUPER_ADMIN',84,'Active',SYSDATE);
INSERT INTO PREPAID_FEATURE (FEATURE_ID,NAME,FEATURE_LEVEL,ROLE_TYPE,REF_FEATURE_ID,STATUS,CREATED_DATE) VALUES (88,'Suspend',2,'CP_SUPER_ADMIN',84,'Active',SYSDATE);
INSERT INTO PREPAID_FEATURE (FEATURE_ID,NAME,FEATURE_LEVEL,ROLE_TYPE,REF_FEATURE_ID,STATUS,CREATED_DATE) VALUES (89,'Activate',2,'CP_SUPER_ADMIN',84,'Active',SYSDATE);

INSERT INTO PREPAID_FEATURE (FEATURE_ID,NAME,FEATURE_LEVEL,ROLE_TYPE,REF_FEATURE_ID,STATUS,CREATED_DATE) VALUES (90,'Card',1,'CP_SUPER_ADMIN',77,'Active',SYSDATE);
INSERT INTO PREPAID_FEATURE (FEATURE_ID,NAME,FEATURE_LEVEL,ROLE_TYPE,REF_FEATURE_ID,STATUS,CREATED_DATE) VALUES (91,'View',2,'CP_SUPER_ADMIN',90,'Active',SYSDATE);
INSERT INTO PREPAID_FEATURE (FEATURE_ID,NAME,FEATURE_LEVEL,ROLE_TYPE,REF_FEATURE_ID,STATUS,CREATED_DATE) VALUES (92,'Create',2,'CP_SUPER_ADMIN',90,'Active',SYSDATE);
INSERT INTO PREPAID_FEATURE (FEATURE_ID,NAME,FEATURE_LEVEL,ROLE_TYPE,REF_FEATURE_ID,STATUS,CREATED_DATE) VALUES (93,'Edit',2,'CP_SUPER_ADMIN',90,'Active',SYSDATE);
INSERT INTO PREPAID_FEATURE (FEATURE_ID,NAME,FEATURE_LEVEL,ROLE_TYPE,REF_FEATURE_ID,STATUS,CREATED_DATE) VALUES (94,'Suspend',2,'CP_SUPER_ADMIN',90,'Active',SYSDATE);
INSERT INTO PREPAID_FEATURE (FEATURE_ID,NAME,FEATURE_LEVEL,ROLE_TYPE,REF_FEATURE_ID,STATUS,CREATED_DATE) VALUES (95,'Activate',2,'CP_SUPER_ADMIN',90,'Active',SYSDATE);

INSERT INTO PREPAID_FEATURE (FEATURE_ID,NAME,FEATURE_LEVEL,ROLE_TYPE,REF_FEATURE_ID,STATUS,CREATED_DATE) VALUES (96,'Agent',1,'CP_SUPER_ADMIN',77,'Active',SYSDATE);
INSERT INTO PREPAID_FEATURE (FEATURE_ID,NAME,FEATURE_LEVEL,ROLE_TYPE,REF_FEATURE_ID,STATUS,CREATED_DATE) VALUES (97,'View',2,'CP_SUPER_ADMIN',96,'Active',SYSDATE);
INSERT INTO PREPAID_FEATURE (FEATURE_ID,NAME,FEATURE_LEVEL,ROLE_TYPE,REF_FEATURE_ID,STATUS,CREATED_DATE) VALUES (98,'Create',2,'CP_SUPER_ADMIN',96,'Active',SYSDATE);
INSERT INTO PREPAID_FEATURE (FEATURE_ID,NAME,FEATURE_LEVEL,ROLE_TYPE,REF_FEATURE_ID,STATUS,CREATED_DATE) VALUES (99,'Edit',2,'CP_SUPER_ADMIN',96,'Active',SYSDATE);
INSERT INTO PREPAID_FEATURE (FEATURE_ID,NAME,FEATURE_LEVEL,ROLE_TYPE,REF_FEATURE_ID,STATUS,CREATED_DATE) VALUES (100,'Suspend',2,'CP_SUPER_ADMIN',96,'Active',SYSDATE);
INSERT INTO PREPAID_FEATURE (FEATURE_ID,NAME,FEATURE_LEVEL,ROLE_TYPE,REF_FEATURE_ID,STATUS,CREATED_DATE) VALUES (101,'Activate',2,'CP_SUPER_ADMIN',96,'Active',SYSDATE);

INSERT INTO PREPAID_FEATURE (FEATURE_ID,NAME,FEATURE_LEVEL,ROLE_TYPE,REF_FEATURE_ID,STATUS,CREATED_DATE) VALUES (102,'Agent Account',1,'CP_SUPER_ADMIN',77,'Active',SYSDATE);
INSERT INTO PREPAID_FEATURE (FEATURE_ID,NAME,FEATURE_LEVEL,ROLE_TYPE,REF_FEATURE_ID,STATUS,CREATED_DATE) VALUES (103,'View',2,'CP_SUPER_ADMIN',102,'Active',SYSDATE);
INSERT INTO PREPAID_FEATURE (FEATURE_ID,NAME,FEATURE_LEVEL,ROLE_TYPE,REF_FEATURE_ID,STATUS,CREATED_DATE) VALUES (104,'Create',2,'CP_SUPER_ADMIN',102,'Active',SYSDATE);
INSERT INTO PREPAID_FEATURE (FEATURE_ID,NAME,FEATURE_LEVEL,ROLE_TYPE,REF_FEATURE_ID,STATUS,CREATED_DATE) VALUES (105,'Edit',2,'CP_SUPER_ADMIN',102,'Active',SYSDATE);
INSERT INTO PREPAID_FEATURE (FEATURE_ID,NAME,FEATURE_LEVEL,ROLE_TYPE,REF_FEATURE_ID,STATUS,CREATED_DATE) VALUES (106,'Suspend',2,'CP_SUPER_ADMIN',102,'Active',SYSDATE);
INSERT INTO PREPAID_FEATURE (FEATURE_ID,NAME,FEATURE_LEVEL,ROLE_TYPE,REF_FEATURE_ID,STATUS,CREATED_DATE) VALUES (107,'Activate',2,'CP_SUPER_ADMIN',102,'Active',SYSDATE);

INSERT INTO PREPAID_FEATURE (FEATURE_ID,NAME,FEATURE_LEVEL,ROLE_TYPE,REF_FEATURE_ID,STATUS,CREATED_DATE) VALUES (108,'Agent Users',1,'CP_SUPER_ADMIN',77,'Active',SYSDATE);
INSERT INTO PREPAID_FEATURE (FEATURE_ID,NAME,FEATURE_LEVEL,ROLE_TYPE,REF_FEATURE_ID,STATUS,CREATED_DATE) VALUES (109,'View',2,'CP_SUPER_ADMIN',108,'Active',SYSDATE);
INSERT INTO PREPAID_FEATURE (FEATURE_ID,NAME,FEATURE_LEVEL,ROLE_TYPE,REF_FEATURE_ID,STATUS,CREATED_DATE) VALUES (110,'Create',2,'CP_SUPER_ADMIN',108,'Active',SYSDATE);
INSERT INTO PREPAID_FEATURE (FEATURE_ID,NAME,FEATURE_LEVEL,ROLE_TYPE,REF_FEATURE_ID,STATUS,CREATED_DATE) VALUES (111,'Edit',2,'CP_SUPER_ADMIN',108,'Active',SYSDATE);
INSERT INTO PREPAID_FEATURE (FEATURE_ID,NAME,FEATURE_LEVEL,ROLE_TYPE,REF_FEATURE_ID,STATUS,CREATED_DATE) VALUES (112,'Suspend',2,'CP_SUPER_ADMIN',108,'Active',SYSDATE);
INSERT INTO PREPAID_FEATURE (FEATURE_ID,NAME,FEATURE_LEVEL,ROLE_TYPE,REF_FEATURE_ID,STATUS,CREATED_DATE) VALUES (113,'Activate',2,'CP_SUPER_ADMIN',108,'Active',SYSDATE);

INSERT INTO PREPAID_FEATURE (FEATURE_ID,NAME,FEATURE_LEVEL,ROLE_TYPE,REF_FEATURE_ID,STATUS,CREATED_DATE) VALUES (114,'Card Management',0,'CP_SUPER_ADMIN',0,'Active',SYSDATE);

INSERT INTO PREPAID_FEATURE (FEATURE_ID,NAME,FEATURE_LEVEL,ROLE_TYPE,REF_FEATURE_ID,STATUS,CREATED_DATE) VALUES (115,'Ordering',1,'CP_SUPER_ADMIN',114,'Active',SYSDATE);
INSERT INTO PREPAID_FEATURE (FEATURE_ID,NAME,FEATURE_LEVEL,ROLE_TYPE,REF_FEATURE_ID,STATUS,CREATED_DATE) VALUES (116,'Create',2,'CP_SUPER_ADMIN',115,'Active',SYSDATE);

INSERT INTO PREPAID_FEATURE (FEATURE_ID,NAME,FEATURE_LEVEL,ROLE_TYPE,REF_FEATURE_ID,STATUS,CREATED_DATE) VALUES (117,'Inventory',1,'CP_SUPER_ADMIN',114,'Active',SYSDATE);
INSERT INTO PREPAID_FEATURE (FEATURE_ID,NAME,FEATURE_LEVEL,ROLE_TYPE,REF_FEATURE_ID,STATUS,CREATED_DATE) VALUES (118,'View',2,'CP_SUPER_ADMIN',117,'Active',SYSDATE);
INSERT INTO PREPAID_FEATURE (FEATURE_ID,NAME,FEATURE_LEVEL,ROLE_TYPE,REF_FEATURE_ID,STATUS,CREATED_DATE) VALUES (119,'Edit',2,'CP_SUPER_ADMIN',117,'Active',SYSDATE);

INSERT INTO PREPAID_FEATURE (FEATURE_ID,NAME,FEATURE_LEVEL,ROLE_TYPE,REF_FEATURE_ID,STATUS,CREATED_DATE) VALUES (120,'Maintenance',1,'CP_SUPER_ADMIN',114,'Active',SYSDATE);
INSERT INTO PREPAID_FEATURE (FEATURE_ID,NAME,FEATURE_LEVEL,ROLE_TYPE,REF_FEATURE_ID,STATUS,CREATED_DATE) VALUES (121,'Status Change',2,'CP_SUPER_ADMIN',120,'Active',SYSDATE);
INSERT INTO PREPAID_FEATURE (FEATURE_ID,NAME,FEATURE_LEVEL,ROLE_TYPE,REF_FEATURE_ID,STATUS,CREATED_DATE) VALUES (122,'Replacement',2,'CP_SUPER_ADMIN',120,'Active',SYSDATE);
INSERT INTO PREPAID_FEATURE (FEATURE_ID,NAME,FEATURE_LEVEL,ROLE_TYPE,REF_FEATURE_ID,STATUS,CREATED_DATE) VALUES (123,'Reissue',2,'CP_SUPER_ADMIN',120,'Active',SYSDATE);
INSERT INTO PREPAID_FEATURE (FEATURE_ID,NAME,FEATURE_LEVEL,ROLE_TYPE,REF_FEATURE_ID,STATUS,CREATED_DATE) VALUES (124,'Pin Change',2,'CP_SUPER_ADMIN',120,'Active',SYSDATE);
INSERT INTO PREPAID_FEATURE (FEATURE_ID,NAME,FEATURE_LEVEL,ROLE_TYPE,REF_FEATURE_ID,STATUS,CREATED_DATE) VALUES (125,'Remapping',2,'CP_SUPER_ADMIN',120,'Active',SYSDATE);
INSERT INTO PREPAID_FEATURE (FEATURE_ID,NAME,FEATURE_LEVEL,ROLE_TYPE,REF_FEATURE_ID,STATUS,CREATED_DATE) VALUES (126,'Reset Pin Count',2,'CP_SUPER_ADMIN',120,'Active',SYSDATE);

INSERT INTO PREPAID_FEATURE (FEATURE_ID,NAME,FEATURE_LEVEL,ROLE_TYPE,REF_FEATURE_ID,STATUS,CREATED_DATE) VALUES (127,'Card Embossing',0,'CP_SUPER_ADMIN',0,'Active',SYSDATE);

INSERT INTO PREPAID_FEATURE (FEATURE_ID,NAME,FEATURE_LEVEL,ROLE_TYPE,REF_FEATURE_ID,STATUS,CREATED_DATE) VALUES (128,'Configuration',1,'CP_SUPER_ADMIN',127,'Active',SYSDATE);
INSERT INTO PREPAID_FEATURE (FEATURE_ID,NAME,FEATURE_LEVEL,ROLE_TYPE,REF_FEATURE_ID,STATUS,CREATED_DATE) VALUES (129,'Generate',1,'CP_SUPER_ADMIN',127,'Active',SYSDATE);
INSERT INTO PREPAID_FEATURE (FEATURE_ID,NAME,FEATURE_LEVEL,ROLE_TYPE,REF_FEATURE_ID,STATUS,CREATED_DATE) VALUES (130,'Re Generate',1,'CP_SUPER_ADMIN',127,'Active',SYSDATE);

INSERT INTO PREPAID_FEATURE (FEATURE_ID,NAME,FEATURE_LEVEL,ROLE_TYPE,REF_FEATURE_ID,STATUS,CREATED_DATE) VALUES (131,'Adjustments',0,'CP_SUPER_ADMIN',0,'Active',SYSDATE);

INSERT INTO PREPAID_FEATURE (FEATURE_ID,NAME,FEATURE_LEVEL,ROLE_TYPE,REF_FEATURE_ID,STATUS,CREATED_DATE) VALUES (132,'Load from Agent',1,'CP_SUPER_ADMIN',131,'Active',SYSDATE);
INSERT INTO PREPAID_FEATURE (FEATURE_ID,NAME,FEATURE_LEVEL,ROLE_TYPE,REF_FEATURE_ID,STATUS,CREATED_DATE) VALUES (133,'Load Reversal from Agent',1,'CP_SUPER_ADMIN',131,'Active',SYSDATE);
INSERT INTO PREPAID_FEATURE (FEATURE_ID,NAME,FEATURE_LEVEL,ROLE_TYPE,REF_FEATURE_ID,STATUS,CREATED_DATE) VALUES (134,'Fee Reversal',1,'CP_SUPER_ADMIN',131,'Active',SYSDATE);
INSERT INTO PREPAID_FEATURE (FEATURE_ID,NAME,FEATURE_LEVEL,ROLE_TYPE,REF_FEATURE_ID,STATUS,CREATED_DATE) VALUES (135,'Manual Credit',1,'CP_SUPER_ADMIN',131,'Active',SYSDATE);
INSERT INTO PREPAID_FEATURE (FEATURE_ID,NAME,FEATURE_LEVEL,ROLE_TYPE,REF_FEATURE_ID,STATUS,CREATED_DATE) VALUES (136,'Manual Customer Credit',2,'CP_SUPER_ADMIN',135,'Active',SYSDATE);
INSERT INTO PREPAID_FEATURE (FEATURE_ID,NAME,FEATURE_LEVEL,ROLE_TYPE,REF_FEATURE_ID,STATUS,CREATED_DATE) VALUES (137,'Manual Agent Credit',2,'CP_SUPER_ADMIN',135,'Active',SYSDATE);
INSERT INTO PREPAID_FEATURE (FEATURE_ID,NAME,FEATURE_LEVEL,ROLE_TYPE,REF_FEATURE_ID,STATUS,CREATED_DATE) VALUES (138,'Manual Partner Credit',2,'CP_SUPER_ADMIN',135,'Active',SYSDATE);
INSERT INTO PREPAID_FEATURE (FEATURE_ID,NAME,FEATURE_LEVEL,ROLE_TYPE,REF_FEATURE_ID,STATUS,CREATED_DATE) VALUES (139,'Manual Debit',1,'CP_SUPER_ADMIN',131,'Active',SYSDATE);
INSERT INTO PREPAID_FEATURE (FEATURE_ID,NAME,FEATURE_LEVEL,ROLE_TYPE,REF_FEATURE_ID,STATUS,CREATED_DATE) VALUES (140,'Manual Customer Debit',2,'CP_SUPER_ADMIN',139,'Active',SYSDATE);
INSERT INTO PREPAID_FEATURE (FEATURE_ID,NAME,FEATURE_LEVEL,ROLE_TYPE,REF_FEATURE_ID,STATUS,CREATED_DATE) VALUES (141,'Manual Agent Debit',2,'CP_SUPER_ADMIN',139,'Active',SYSDATE);
INSERT INTO PREPAID_FEATURE (FEATURE_ID,NAME,FEATURE_LEVEL,ROLE_TYPE,REF_FEATURE_ID,STATUS,CREATED_DATE) VALUES (142,'Manual Partner Debit',2,'CP_SUPER_ADMIN',139,'Active',SYSDATE);
INSERT INTO PREPAID_FEATURE (FEATURE_ID,NAME,FEATURE_LEVEL,ROLE_TYPE,REF_FEATURE_ID,STATUS,CREATED_DATE) VALUES (143,'Account Transfer',1,'CP_SUPER_ADMIN',131,'Active',SYSDATE);
INSERT INTO PREPAID_FEATURE (FEATURE_ID,NAME,FEATURE_LEVEL,ROLE_TYPE,REF_FEATURE_ID,STATUS,CREATED_DATE) VALUES (144,'Upload Agent Fund',1,'CP_SUPER_ADMIN',131,'Active',SYSDATE);
INSERT INTO PREPAID_FEATURE (FEATURE_ID,NAME,FEATURE_LEVEL,ROLE_TYPE,REF_FEATURE_ID,STATUS,CREATED_DATE) VALUES (145,'Pulse Suspense',1,'CP_SUPER_ADMIN',131,'Active',SYSDATE);

INSERT INTO PREPAID_FEATURE (FEATURE_ID,NAME,FEATURE_LEVEL,ROLE_TYPE,REF_FEATURE_ID,STATUS,CREATED_DATE) VALUES (146,'Reports',0,'CP_SUPER_ADMIN',0,'Active',SYSDATE);

INSERT INTO PREPAID_FEATURE (FEATURE_ID,NAME,FEATURE_LEVEL,ROLE_TYPE,REF_FEATURE_ID,STATUS,CREATED_DATE) VALUES (147,'Agent Load Report',1,'CP_SUPER_ADMIN',146,'Active',SYSDATE);
INSERT INTO PREPAID_FEATURE (FEATURE_ID,NAME,FEATURE_LEVEL,ROLE_TYPE,REF_FEATURE_ID,STATUS,CREATED_DATE) VALUES (148,'Declined Transactions',1,'CP_SUPER_ADMIN',146,'Active',SYSDATE);
INSERT INTO PREPAID_FEATURE (FEATURE_ID,NAME,FEATURE_LEVEL,ROLE_TYPE,REF_FEATURE_ID,STATUS,CREATED_DATE) VALUES (149,'Fraud Transactions',1,'CP_SUPER_ADMIN',146,'Active',SYSDATE);
INSERT INTO PREPAID_FEATURE (FEATURE_ID,NAME,FEATURE_LEVEL,ROLE_TYPE,REF_FEATURE_ID,STATUS,CREATED_DATE) VALUES (150,'Card Inventory Report',1,'CP_SUPER_ADMIN',146,'Active',SYSDATE);
INSERT INTO PREPAID_FEATURE (FEATURE_ID,NAME,FEATURE_LEVEL,ROLE_TYPE,REF_FEATURE_ID,STATUS,CREATED_DATE) VALUES (151,'Card Statistics Report',1,'CP_SUPER_ADMIN',146,'Active',SYSDATE);
INSERT INTO PREPAID_FEATURE (FEATURE_ID,NAME,FEATURE_LEVEL,ROLE_TYPE,REF_FEATURE_ID,STATUS,CREATED_DATE) VALUES (152,'Upload Fund Report',1,'CP_SUPER_ADMIN',146,'Active',SYSDATE);
INSERT INTO PREPAID_FEATURE (FEATURE_ID,NAME,FEATURE_LEVEL,ROLE_TYPE,REF_FEATURE_ID,STATUS,CREATED_DATE) VALUES (153,'User Account Transaction',1,'CP_SUPER_ADMIN',146,'Active',SYSDATE);
INSERT INTO PREPAID_FEATURE (FEATURE_ID,NAME,FEATURE_LEVEL,ROLE_TYPE,REF_FEATURE_ID,STATUS,CREATED_DATE) VALUES (154,'User Account Balances',1,'CP_SUPER_ADMIN',146,'Active',SYSDATE);
INSERT INTO PREPAID_FEATURE (FEATURE_ID,NAME,FEATURE_LEVEL,ROLE_TYPE,REF_FEATURE_ID,STATUS,CREATED_DATE) VALUES (155,'Pending PreAuth Transaction',1,'CP_SUPER_ADMIN',146,'Active',SYSDATE);
INSERT INTO PREPAID_FEATURE (FEATURE_ID,NAME,FEATURE_LEVEL,ROLE_TYPE,REF_FEATURE_ID,STATUS,CREATED_DATE) VALUES (156,'Manual Transaction',1,'CP_SUPER_ADMIN',146,'Active',SYSDATE);
INSERT INTO PREPAID_FEATURE (FEATURE_ID,NAME,FEATURE_LEVEL,ROLE_TYPE,REF_FEATURE_ID,STATUS,CREATED_DATE) VALUES (157,'Profit Report',1,'CP_SUPER_ADMIN',146,'Active',SYSDATE);
INSERT INTO PREPAID_FEATURE (FEATURE_ID,NAME,FEATURE_LEVEL,ROLE_TYPE,REF_FEATURE_ID,STATUS,CREATED_DATE) VALUES (158,'System Balance Report',1,'CP_SUPER_ADMIN',146,'Active',SYSDATE);
INSERT INTO PREPAID_FEATURE (FEATURE_ID,NAME,FEATURE_LEVEL,ROLE_TYPE,REF_FEATURE_ID,STATUS,CREATED_DATE) VALUES (159,'Inactive Account',1,'CP_SUPER_ADMIN',146,'Active',SYSDATE);
INSERT INTO PREPAID_FEATURE (FEATURE_ID,NAME,FEATURE_LEVEL,ROLE_TYPE,REF_FEATURE_ID,STATUS,CREATED_DATE) VALUES (160,'Settlement Report',1,'CP_SUPER_ADMIN',146,'Active',SYSDATE);
INSERT INTO PREPAID_FEATURE (FEATURE_ID,NAME,FEATURE_LEVEL,ROLE_TYPE,REF_FEATURE_ID,STATUS,CREATED_DATE) VALUES (161,'Declined Transactions Summary',1,'CP_SUPER_ADMIN',146,'Active',SYSDATE);
INSERT INTO PREPAID_FEATURE (FEATURE_ID,NAME,FEATURE_LEVEL,ROLE_TYPE,REF_FEATURE_ID,STATUS,CREATED_DATE) VALUES (162,'Agent Account Transaction',1,'CP_SUPER_ADMIN',146,'Active',SYSDATE);
INSERT INTO PREPAID_FEATURE (FEATURE_ID,NAME,FEATURE_LEVEL,ROLE_TYPE,REF_FEATURE_ID,STATUS,CREATED_DATE) VALUES (163,'Activity Logs',1,'CP_SUPER_ADMIN',146,'Active',SYSDATE);
INSERT INTO PREPAID_FEATURE (FEATURE_ID,NAME,FEATURE_LEVEL,ROLE_TYPE,REF_FEATURE_ID,STATUS,CREATED_DATE) VALUES (164,'Manual Bulk Customer Credit',2,'CP_SUPER_ADMIN',135,'Active',SYSDATE);
INSERT INTO PREPAID_FEATURE (FEATURE_ID,NAME,FEATURE_LEVEL,ROLE_TYPE,REF_FEATURE_ID,STATUS,CREATED_DATE) VALUES (165,'Manual Bulk Customer Debit',2,'CP_SUPER_ADMIN',139,'Active',SYSDATE);
INSERT INTO PREPAID_FEATURE (FEATURE_ID,NAME,FEATURE_LEVEL,ROLE_TYPE,REF_FEATURE_ID,STATUS,CREATED_DATE) VALUES (166,'System Configuration',1,'CP_SUPER_ADMIN',1,'Active',SYSDATE);

INSERT INTO PREPAID_FEATURE (FEATURE_ID,NAME,FEATURE_LEVEL,ROLE_TYPE,REF_FEATURE_ID,STATUS,CREATED_DATE) VALUES (167,'Merchant Category Code',1,'CP_SUPER_ADMIN',8,'Active',SYSDATE);
INSERT INTO PREPAID_FEATURE (FEATURE_ID,NAME,FEATURE_LEVEL,ROLE_TYPE,REF_FEATURE_ID,STATUS,CREATED_DATE) VALUES (168,'Negative Balance Report',1,'CP_SUPER_ADMIN',146,'Active',SYSDATE);
INSERT INTO PREPAID_FEATURE (FEATURE_ID,NAME,FEATURE_LEVEL,ROLE_TYPE,REF_FEATURE_ID,STATUS,CREATED_DATE) VALUES (169,'STAR Report',1,'CP_SUPER_ADMIN',146,'Active',SYSDATE);
INSERT INTO PREPAID_FEATURE (FEATURE_ID,NAME,FEATURE_LEVEL,ROLE_TYPE,REF_FEATURE_ID,STATUS,CREATED_DATE) VALUES (170,'Reassign',2,'CP_SUPER_ADMIN',120,'Active',SYSDATE);
INSERT INTO PREPAID_FEATURE (FEATURE_ID,NAME,FEATURE_LEVEL,ROLE_TYPE,REF_FEATURE_ID,STATUS,CREATED_DATE) VALUES (171,'Personalized Card Report',1,'CP_SUPER_ADMIN',146,'Active',SYSDATE);
INSERT INTO PREPAID_FEATURE (FEATURE_ID,NAME,FEATURE_LEVEL,ROLE_TYPE,REF_FEATURE_ID,STATUS,CREATED_DATE) VALUES (172,'Transaction Report',1,'CP_SUPER_ADMIN',146,'Active',SYSDATE);
INSERT INTO PREPAID_FEATURE (FEATURE_ID,NAME,FEATURE_LEVEL,ROLE_TYPE,REF_FEATURE_ID,STATUS,CREATED_DATE) VALUES (173,'Bulk User Create',1,'CP_SUPER_ADMIN',77,'Active',SYSDATE);
INSERT INTO PREPAID_FEATURE (FEATURE_ID,NAME,FEATURE_LEVEL,ROLE_TYPE,REF_FEATURE_ID,STATUS,CREATED_DATE) VALUES (174,'Bulk User Update',1,'CP_SUPER_ADMIN',77,'Active',SYSDATE);
INSERT INTO PREPAID_FEATURE (FEATURE_ID,NAME,FEATURE_LEVEL,ROLE_TYPE,REF_FEATURE_ID,STATUS,CREATED_DATE) VALUES (175,'Recon Report',1,'CP_SUPER_ADMIN',146,'Active',SYSDATE);
INSERT INTO PREPAID_FEATURE (FEATURE_ID,NAME,FEATURE_LEVEL,ROLE_TYPE,REF_FEATURE_ID,STATUS,CREATED_DATE) VALUES (176,'Bulk Account Create',1,'CP_SUPER_ADMIN',77,'Active',SYSDATE);
INSERT INTO PREPAID_FEATURE (FEATURE_ID,NAME,FEATURE_LEVEL,ROLE_TYPE,REF_FEATURE_ID,STATUS,CREATED_DATE) VALUES (177,'Entity Transactions Report',1,'CP_SUPER_ADMIN',146,'Active',SYSDATE);
INSERT INTO PREPAID_FEATURE (FEATURE_ID,NAME,FEATURE_LEVEL,ROLE_TYPE,REF_FEATURE_ID,STATUS,CREATED_DATE) VALUES (178,'Integration Partner',1,'CP_SUPER_ADMIN',8,'Active',SYSDATE);
INSERT INTO PREPAID_FEATURE (FEATURE_ID,NAME,FEATURE_LEVEL,ROLE_TYPE,REF_FEATURE_ID,STATUS,CREATED_DATE) VALUES (179,'View',2,'CP_SUPER_ADMIN',178,'Active',SYSDATE);
INSERT INTO PREPAID_FEATURE (FEATURE_ID,NAME,FEATURE_LEVEL,ROLE_TYPE,REF_FEATURE_ID,STATUS,CREATED_DATE) VALUES (180,'Create',2,'CP_SUPER_ADMIN',178,'Active',SYSDATE);
INSERT INTO PREPAID_FEATURE (FEATURE_ID,NAME,FEATURE_LEVEL,ROLE_TYPE,REF_FEATURE_ID,STATUS,CREATED_DATE) VALUES (181,'Edit',2,'CP_SUPER_ADMIN',178,'Active',SYSDATE);
INSERT INTO PREPAID_FEATURE (FEATURE_ID,NAME,FEATURE_LEVEL,ROLE_TYPE,REF_FEATURE_ID,STATUS,CREATED_DATE) VALUES (182,'Suspend',2,'CP_SUPER_ADMIN',178,'Active',SYSDATE);
INSERT INTO PREPAID_FEATURE (FEATURE_ID,NAME,FEATURE_LEVEL,ROLE_TYPE,REF_FEATURE_ID,STATUS,CREATED_DATE) VALUES (183,'Activate',2,'CP_SUPER_ADMIN',178,'Active',SYSDATE);
INSERT INTO PREPAID_FEATURE(FEATURE_ID,NAME,FEATURE_LEVEL,ROLE_TYPE,REF_FEATURE_ID,STATUS,CREATED_DATE)  VALUES (184,'Bulk Card Remapping',1,'CP_SUPER_ADMIN',114,'Active',SYSDATE);
INSERT INTO PREPAID_FEATURE (FEATURE_ID,NAME,FEATURE_LEVEL,ROLE_TYPE,REF_FEATURE_ID,STATUS,CREATED_DATE) VALUES (185,'Request Queue',1,'CP_SUPER_ADMIN',1,'Active',SYSDATE);
INSERT INTO PREPAID_FEATURE (FEATURE_ID,NAME,FEATURE_LEVEL,ROLE_TYPE,REF_FEATURE_ID,STATUS,CREATED_DATE) VALUES (186,'Load from Agent',2,'CP_SUPER_ADMIN',132,'Active',SYSDATE);
INSERT INTO PREPAID_FEATURE (FEATURE_ID,NAME,FEATURE_LEVEL,ROLE_TYPE,REF_FEATURE_ID,STATUS,CREATED_DATE) VALUES (187,'Bulk Load from Agent',2,'CP_SUPER_ADMIN',132,'Active',SYSDATE);
INSERT INTO PREPAID_FEATURE (FEATURE_ID,NAME,FEATURE_LEVEL,ROLE_TYPE,REF_FEATURE_ID,STATUS,CREATED_DATE) VALUES (188,'Load Reversal to Agent Account',2,'CP_SUPER_ADMIN',133,'Active',SYSDATE);
INSERT INTO PREPAID_FEATURE (FEATURE_ID,NAME,FEATURE_LEVEL,ROLE_TYPE,REF_FEATURE_ID,STATUS,CREATED_DATE) VALUES (189,'Bulk Reversal to Agent Account',2,'CP_SUPER_ADMIN',133,'Active',SYSDATE);
INSERT INTO PREPAID_FEATURE (FEATURE_ID,NAME,FEATURE_LEVEL,ROLE_TYPE,REF_FEATURE_ID,STATUS,CREATED_DATE) VALUES (190,'Bulk RodeopayCommitte Create',1,'CP_SUPER_ADMIN',77,'Active',SYSDATE);
INSERT INTO PREPAID_FEATURE (FEATURE_ID,NAME,FEATURE_LEVEL,ROLE_TYPE,REF_FEATURE_ID,STATUS,CREATED_DATE) VALUES (197,'Card Load Summary Report',1,'CP_SUPER_ADMIN',146,'Active',SYSDATE);
INSERT INTO PREPAID_FEATURE(FEATURE_ID,NAME,FEATURE_LEVEL,ROLE_TYPE,REF_FEATURE_ID,STATUS,CREATED_DATE)  VALUES (201,'Batch Remapping',1,'CP_SUPER_ADMIN',114,'Active',SYSDATE);
INSERT INTO PREPAID_FEATURE(FEATURE_ID,NAME,FEATURE_LEVEL,ROLE_TYPE,REF_FEATURE_ID,STATUS,CREATED_DATE)  VALUES (202,'Active Account Report',1,'CP_SUPER_ADMIN',146,'Active',SYSDATE);

INSERT INTO PREPAID_FEATURE (FEATURE_ID,NAME,FEATURE_LEVEL,ROLE_TYPE,REF_FEATURE_ID,STATUS,CREATED_DATE) VALUES (208,'Bulk Load Card UID',2,'CP_SUPER_ADMIN',132,'Active',SYSDATE);
INSERT INTO PREPAID_FEATURE (FEATURE_ID,NAME,FEATURE_LEVEL,ROLE_TYPE,REF_FEATURE_ID,STATUS,CREATED_DATE) VALUES (209,'Bulk Load Card From',2,'CP_SUPER_ADMIN',132,'Active',SYSDATE);

-- Insert scripts for admin role and feature mapping
INSERT INTO PORTAL_ROLE_FEATURE_MAP VALUES(SEQ_PORTAL_ROLE_FEATURE_MAP.NEXTVAL,1,1,SYSDATE,null,'CP_SUPER_ADMIN_1',null);
INSERT INTO PORTAL_ROLE_FEATURE_MAP VALUES(SEQ_PORTAL_ROLE_FEATURE_MAP.NEXTVAL,1,2,SYSDATE,null,'CP_SUPER_ADMIN_1',null);
INSERT INTO PORTAL_ROLE_FEATURE_MAP VALUES(SEQ_PORTAL_ROLE_FEATURE_MAP.NEXTVAL,1,3,SYSDATE,null,'CP_SUPER_ADMIN_1',null);
INSERT INTO PORTAL_ROLE_FEATURE_MAP VALUES(SEQ_PORTAL_ROLE_FEATURE_MAP.NEXTVAL,1,4,SYSDATE,null,'CP_SUPER_ADMIN_1',null);
INSERT INTO PORTAL_ROLE_FEATURE_MAP VALUES(SEQ_PORTAL_ROLE_FEATURE_MAP.NEXTVAL,1,5,SYSDATE,null,'CP_SUPER_ADMIN_1',null);
INSERT INTO PORTAL_ROLE_FEATURE_MAP VALUES(SEQ_PORTAL_ROLE_FEATURE_MAP.NEXTVAL,1,6,SYSDATE,null,'CP_SUPER_ADMIN_1',null);
INSERT INTO PORTAL_ROLE_FEATURE_MAP VALUES(SEQ_PORTAL_ROLE_FEATURE_MAP.NEXTVAL,1,7,SYSDATE,null,'CP_SUPER_ADMIN_1',null);
INSERT INTO PORTAL_ROLE_FEATURE_MAP VALUES(SEQ_PORTAL_ROLE_FEATURE_MAP.NEXTVAL,1,8,SYSDATE,null,'CP_SUPER_ADMIN_1',null);
INSERT INTO PORTAL_ROLE_FEATURE_MAP VALUES(SEQ_PORTAL_ROLE_FEATURE_MAP.NEXTVAL,1,9,SYSDATE,null,'CP_SUPER_ADMIN_1',null);
INSERT INTO PORTAL_ROLE_FEATURE_MAP VALUES(SEQ_PORTAL_ROLE_FEATURE_MAP.NEXTVAL,1,10,SYSDATE,null,'CP_SUPER_ADMIN_1',null);
INSERT INTO PORTAL_ROLE_FEATURE_MAP VALUES(SEQ_PORTAL_ROLE_FEATURE_MAP.NEXTVAL,1,11,SYSDATE,null,'CP_SUPER_ADMIN_1',null);
INSERT INTO PORTAL_ROLE_FEATURE_MAP VALUES(SEQ_PORTAL_ROLE_FEATURE_MAP.NEXTVAL,1,12,SYSDATE,null,'CP_SUPER_ADMIN_1',null);
INSERT INTO PORTAL_ROLE_FEATURE_MAP VALUES(SEQ_PORTAL_ROLE_FEATURE_MAP.NEXTVAL,1,13,SYSDATE,null,'CP_SUPER_ADMIN_1',null);
INSERT INTO PORTAL_ROLE_FEATURE_MAP VALUES(SEQ_PORTAL_ROLE_FEATURE_MAP.NEXTVAL,1,14,SYSDATE,null,'CP_SUPER_ADMIN_1',null);
INSERT INTO PORTAL_ROLE_FEATURE_MAP VALUES(SEQ_PORTAL_ROLE_FEATURE_MAP.NEXTVAL,1,15,SYSDATE,null,'CP_SUPER_ADMIN_1',null);
INSERT INTO PORTAL_ROLE_FEATURE_MAP VALUES(SEQ_PORTAL_ROLE_FEATURE_MAP.NEXTVAL,1,16,SYSDATE,null,'CP_SUPER_ADMIN_1',null);
INSERT INTO PORTAL_ROLE_FEATURE_MAP VALUES(SEQ_PORTAL_ROLE_FEATURE_MAP.NEXTVAL,1,17,SYSDATE,null,'CP_SUPER_ADMIN_1',null);
INSERT INTO PORTAL_ROLE_FEATURE_MAP VALUES(SEQ_PORTAL_ROLE_FEATURE_MAP.NEXTVAL,1,18,SYSDATE,null,'CP_SUPER_ADMIN_1',null);
INSERT INTO PORTAL_ROLE_FEATURE_MAP VALUES(SEQ_PORTAL_ROLE_FEATURE_MAP.NEXTVAL,1,19,SYSDATE,null,'CP_SUPER_ADMIN_1',null);
INSERT INTO PORTAL_ROLE_FEATURE_MAP VALUES(SEQ_PORTAL_ROLE_FEATURE_MAP.NEXTVAL,1,20,SYSDATE,null,'CP_SUPER_ADMIN_1',null);
INSERT INTO PORTAL_ROLE_FEATURE_MAP VALUES(SEQ_PORTAL_ROLE_FEATURE_MAP.NEXTVAL,1,21,SYSDATE,null,'CP_SUPER_ADMIN_1',null);
INSERT INTO PORTAL_ROLE_FEATURE_MAP VALUES(SEQ_PORTAL_ROLE_FEATURE_MAP.NEXTVAL,1,22,SYSDATE,null,'CP_SUPER_ADMIN_1',null);
INSERT INTO PORTAL_ROLE_FEATURE_MAP VALUES(SEQ_PORTAL_ROLE_FEATURE_MAP.NEXTVAL,1,23,SYSDATE,null,'CP_SUPER_ADMIN_1',null);
INSERT INTO PORTAL_ROLE_FEATURE_MAP VALUES(SEQ_PORTAL_ROLE_FEATURE_MAP.NEXTVAL,1,24,SYSDATE,null,'CP_SUPER_ADMIN_1',null);
INSERT INTO PORTAL_ROLE_FEATURE_MAP VALUES(SEQ_PORTAL_ROLE_FEATURE_MAP.NEXTVAL,1,25,SYSDATE,null,'CP_SUPER_ADMIN_1',null);
INSERT INTO PORTAL_ROLE_FEATURE_MAP VALUES(SEQ_PORTAL_ROLE_FEATURE_MAP.NEXTVAL,1,26,SYSDATE,null,'CP_SUPER_ADMIN_1',null);
INSERT INTO PORTAL_ROLE_FEATURE_MAP VALUES(SEQ_PORTAL_ROLE_FEATURE_MAP.NEXTVAL,1,27,SYSDATE,null,'CP_SUPER_ADMIN_1',null);
INSERT INTO PORTAL_ROLE_FEATURE_MAP VALUES(SEQ_PORTAL_ROLE_FEATURE_MAP.NEXTVAL,1,28,SYSDATE,null,'CP_SUPER_ADMIN_1',null);
INSERT INTO PORTAL_ROLE_FEATURE_MAP VALUES(SEQ_PORTAL_ROLE_FEATURE_MAP.NEXTVAL,1,29,SYSDATE,null,'CP_SUPER_ADMIN_1',null);
INSERT INTO PORTAL_ROLE_FEATURE_MAP VALUES(SEQ_PORTAL_ROLE_FEATURE_MAP.NEXTVAL,1,30,SYSDATE,null,'CP_SUPER_ADMIN_1',null);
INSERT INTO PORTAL_ROLE_FEATURE_MAP VALUES(SEQ_PORTAL_ROLE_FEATURE_MAP.NEXTVAL,1,31,SYSDATE,null,'CP_SUPER_ADMIN_1',null);
INSERT INTO PORTAL_ROLE_FEATURE_MAP VALUES(SEQ_PORTAL_ROLE_FEATURE_MAP.NEXTVAL,1,32,SYSDATE,null,'CP_SUPER_ADMIN_1',null);
INSERT INTO PORTAL_ROLE_FEATURE_MAP VALUES(SEQ_PORTAL_ROLE_FEATURE_MAP.NEXTVAL,1,33,SYSDATE,null,'CP_SUPER_ADMIN_1',null);
INSERT INTO PORTAL_ROLE_FEATURE_MAP VALUES(SEQ_PORTAL_ROLE_FEATURE_MAP.NEXTVAL,1,34,SYSDATE,null,'CP_SUPER_ADMIN_1',null);
INSERT INTO PORTAL_ROLE_FEATURE_MAP VALUES(SEQ_PORTAL_ROLE_FEATURE_MAP.NEXTVAL,1,35,SYSDATE,null,'CP_SUPER_ADMIN_1',null);
INSERT INTO PORTAL_ROLE_FEATURE_MAP VALUES(SEQ_PORTAL_ROLE_FEATURE_MAP.NEXTVAL,1,36,SYSDATE,null,'CP_SUPER_ADMIN_1',null);
INSERT INTO PORTAL_ROLE_FEATURE_MAP VALUES(SEQ_PORTAL_ROLE_FEATURE_MAP.NEXTVAL,1,37,SYSDATE,null,'CP_SUPER_ADMIN_1',null);
INSERT INTO PORTAL_ROLE_FEATURE_MAP VALUES(SEQ_PORTAL_ROLE_FEATURE_MAP.NEXTVAL,1,38,SYSDATE,null,'CP_SUPER_ADMIN_1',null);
INSERT INTO PORTAL_ROLE_FEATURE_MAP VALUES(SEQ_PORTAL_ROLE_FEATURE_MAP.NEXTVAL,1,39,SYSDATE,null,'CP_SUPER_ADMIN_1',null);
INSERT INTO PORTAL_ROLE_FEATURE_MAP VALUES(SEQ_PORTAL_ROLE_FEATURE_MAP.NEXTVAL,1,40,SYSDATE,null,'CP_SUPER_ADMIN_1',null);
INSERT INTO PORTAL_ROLE_FEATURE_MAP VALUES(SEQ_PORTAL_ROLE_FEATURE_MAP.NEXTVAL,1,41,SYSDATE,null,'CP_SUPER_ADMIN_1',null);
INSERT INTO PORTAL_ROLE_FEATURE_MAP VALUES(SEQ_PORTAL_ROLE_FEATURE_MAP.NEXTVAL,1,42,SYSDATE,null,'CP_SUPER_ADMIN_1',null);
INSERT INTO PORTAL_ROLE_FEATURE_MAP VALUES(SEQ_PORTAL_ROLE_FEATURE_MAP.NEXTVAL,1,43,SYSDATE,null,'CP_SUPER_ADMIN_1',null);
INSERT INTO PORTAL_ROLE_FEATURE_MAP VALUES(SEQ_PORTAL_ROLE_FEATURE_MAP.NEXTVAL,1,44,SYSDATE,null,'CP_SUPER_ADMIN_1',null);
--INSERT INTO PORTAL_ROLE_FEATURE_MAP VALUES(SEQ_PORTAL_ROLE_FEATURE_MAP.NEXTVAL,1,45,SYSDATE,null,'CP_SUPER_ADMIN_1',null);
INSERT INTO PORTAL_ROLE_FEATURE_MAP VALUES(SEQ_PORTAL_ROLE_FEATURE_MAP.NEXTVAL,1,46,SYSDATE,null,'CP_SUPER_ADMIN_1',null);
INSERT INTO PORTAL_ROLE_FEATURE_MAP VALUES(SEQ_PORTAL_ROLE_FEATURE_MAP.NEXTVAL,1,47,SYSDATE,null,'CP_SUPER_ADMIN_1',null);
INSERT INTO PORTAL_ROLE_FEATURE_MAP VALUES(SEQ_PORTAL_ROLE_FEATURE_MAP.NEXTVAL,1,48,SYSDATE,null,'CP_SUPER_ADMIN_1',null);
INSERT INTO PORTAL_ROLE_FEATURE_MAP VALUES(SEQ_PORTAL_ROLE_FEATURE_MAP.NEXTVAL,1,49,SYSDATE,null,'CP_SUPER_ADMIN_1',null);
INSERT INTO PORTAL_ROLE_FEATURE_MAP VALUES(SEQ_PORTAL_ROLE_FEATURE_MAP.NEXTVAL,1,50,SYSDATE,null,'CP_SUPER_ADMIN_1',null);
INSERT INTO PORTAL_ROLE_FEATURE_MAP VALUES(SEQ_PORTAL_ROLE_FEATURE_MAP.NEXTVAL,1,51,SYSDATE,null,'CP_SUPER_ADMIN_1',null);
INSERT INTO PORTAL_ROLE_FEATURE_MAP VALUES(SEQ_PORTAL_ROLE_FEATURE_MAP.NEXTVAL,1,52,SYSDATE,null,'CP_SUPER_ADMIN_1',null);
INSERT INTO PORTAL_ROLE_FEATURE_MAP VALUES(SEQ_PORTAL_ROLE_FEATURE_MAP.NEXTVAL,1,53,SYSDATE,null,'CP_SUPER_ADMIN_1',null);
INSERT INTO PORTAL_ROLE_FEATURE_MAP VALUES(SEQ_PORTAL_ROLE_FEATURE_MAP.NEXTVAL,1,54,SYSDATE,null,'CP_SUPER_ADMIN_1',null);
INSERT INTO PORTAL_ROLE_FEATURE_MAP VALUES(SEQ_PORTAL_ROLE_FEATURE_MAP.NEXTVAL,1,55,SYSDATE,null,'CP_SUPER_ADMIN_1',null);
INSERT INTO PORTAL_ROLE_FEATURE_MAP VALUES(SEQ_PORTAL_ROLE_FEATURE_MAP.NEXTVAL,1,56,SYSDATE,null,'CP_SUPER_ADMIN_1',null);
INSERT INTO PORTAL_ROLE_FEATURE_MAP VALUES(SEQ_PORTAL_ROLE_FEATURE_MAP.NEXTVAL,1,57,SYSDATE,null,'CP_SUPER_ADMIN_1',null);
INSERT INTO PORTAL_ROLE_FEATURE_MAP VALUES(SEQ_PORTAL_ROLE_FEATURE_MAP.NEXTVAL,1,58,SYSDATE,null,'CP_SUPER_ADMIN_1',null);
INSERT INTO PORTAL_ROLE_FEATURE_MAP VALUES(SEQ_PORTAL_ROLE_FEATURE_MAP.NEXTVAL,1,59,SYSDATE,null,'CP_SUPER_ADMIN_1',null);
INSERT INTO PORTAL_ROLE_FEATURE_MAP VALUES(SEQ_PORTAL_ROLE_FEATURE_MAP.NEXTVAL,1,60,SYSDATE,null,'CP_SUPER_ADMIN_1',null);
INSERT INTO PORTAL_ROLE_FEATURE_MAP VALUES(SEQ_PORTAL_ROLE_FEATURE_MAP.NEXTVAL,1,61,SYSDATE,null,'CP_SUPER_ADMIN_1',null);
INSERT INTO PORTAL_ROLE_FEATURE_MAP VALUES(SEQ_PORTAL_ROLE_FEATURE_MAP.NEXTVAL,1,62,SYSDATE,null,'CP_SUPER_ADMIN_1',null);
INSERT INTO PORTAL_ROLE_FEATURE_MAP VALUES(SEQ_PORTAL_ROLE_FEATURE_MAP.NEXTVAL,1,63,SYSDATE,null,'CP_SUPER_ADMIN_1',null);
INSERT INTO PORTAL_ROLE_FEATURE_MAP VALUES(SEQ_PORTAL_ROLE_FEATURE_MAP.NEXTVAL,1,64,SYSDATE,null,'CP_SUPER_ADMIN_1',null);
INSERT INTO PORTAL_ROLE_FEATURE_MAP VALUES(SEQ_PORTAL_ROLE_FEATURE_MAP.NEXTVAL,1,65,SYSDATE,null,'CP_SUPER_ADMIN_1',null);
INSERT INTO PORTAL_ROLE_FEATURE_MAP VALUES(SEQ_PORTAL_ROLE_FEATURE_MAP.NEXTVAL,1,66,SYSDATE,null,'CP_SUPER_ADMIN_1',null);
INSERT INTO PORTAL_ROLE_FEATURE_MAP VALUES(SEQ_PORTAL_ROLE_FEATURE_MAP.NEXTVAL,1,67,SYSDATE,null,'CP_SUPER_ADMIN_1',null);
INSERT INTO PORTAL_ROLE_FEATURE_MAP VALUES(SEQ_PORTAL_ROLE_FEATURE_MAP.NEXTVAL,1,68,SYSDATE,null,'CP_SUPER_ADMIN_1',null);
INSERT INTO PORTAL_ROLE_FEATURE_MAP VALUES(SEQ_PORTAL_ROLE_FEATURE_MAP.NEXTVAL,1,69,SYSDATE,null,'CP_SUPER_ADMIN_1',null);
INSERT INTO PORTAL_ROLE_FEATURE_MAP VALUES(SEQ_PORTAL_ROLE_FEATURE_MAP.NEXTVAL,1,70,SYSDATE,null,'CP_SUPER_ADMIN_1',null);
INSERT INTO PORTAL_ROLE_FEATURE_MAP VALUES(SEQ_PORTAL_ROLE_FEATURE_MAP.NEXTVAL,1,71,SYSDATE,null,'CP_SUPER_ADMIN_1',null);
INSERT INTO PORTAL_ROLE_FEATURE_MAP VALUES(SEQ_PORTAL_ROLE_FEATURE_MAP.NEXTVAL,1,72,SYSDATE,null,'CP_SUPER_ADMIN_1',null);
INSERT INTO PORTAL_ROLE_FEATURE_MAP VALUES(SEQ_PORTAL_ROLE_FEATURE_MAP.NEXTVAL,1,73,SYSDATE,null,'CP_SUPER_ADMIN_1',null);
INSERT INTO PORTAL_ROLE_FEATURE_MAP VALUES(SEQ_PORTAL_ROLE_FEATURE_MAP.NEXTVAL,1,74,SYSDATE,null,'CP_SUPER_ADMIN_1',null);
INSERT INTO PORTAL_ROLE_FEATURE_MAP VALUES(SEQ_PORTAL_ROLE_FEATURE_MAP.NEXTVAL,1,75,SYSDATE,null,'CP_SUPER_ADMIN_1',null);
INSERT INTO PORTAL_ROLE_FEATURE_MAP VALUES(SEQ_PORTAL_ROLE_FEATURE_MAP.NEXTVAL,1,76,SYSDATE,null,'CP_SUPER_ADMIN_1',null);
INSERT INTO PORTAL_ROLE_FEATURE_MAP VALUES(SEQ_PORTAL_ROLE_FEATURE_MAP.NEXTVAL,1,77,SYSDATE,null,'CP_SUPER_ADMIN_1',null);
INSERT INTO PORTAL_ROLE_FEATURE_MAP VALUES(SEQ_PORTAL_ROLE_FEATURE_MAP.NEXTVAL,1,78,SYSDATE,null,'CP_SUPER_ADMIN_1',null);
INSERT INTO PORTAL_ROLE_FEATURE_MAP VALUES(SEQ_PORTAL_ROLE_FEATURE_MAP.NEXTVAL,1,79,SYSDATE,null,'CP_SUPER_ADMIN_1',null);
INSERT INTO PORTAL_ROLE_FEATURE_MAP VALUES(SEQ_PORTAL_ROLE_FEATURE_MAP.NEXTVAL,1,80,SYSDATE,null,'CP_SUPER_ADMIN_1',null);
INSERT INTO PORTAL_ROLE_FEATURE_MAP VALUES(SEQ_PORTAL_ROLE_FEATURE_MAP.NEXTVAL,1,81,SYSDATE,null,'CP_SUPER_ADMIN_1',null);
INSERT INTO PORTAL_ROLE_FEATURE_MAP VALUES(SEQ_PORTAL_ROLE_FEATURE_MAP.NEXTVAL,1,82,SYSDATE,null,'CP_SUPER_ADMIN_1',null);
INSERT INTO PORTAL_ROLE_FEATURE_MAP VALUES(SEQ_PORTAL_ROLE_FEATURE_MAP.NEXTVAL,1,83,SYSDATE,null,'CP_SUPER_ADMIN_1',null);
INSERT INTO PORTAL_ROLE_FEATURE_MAP VALUES(SEQ_PORTAL_ROLE_FEATURE_MAP.NEXTVAL,1,84,SYSDATE,null,'CP_SUPER_ADMIN_1',null);
INSERT INTO PORTAL_ROLE_FEATURE_MAP VALUES(SEQ_PORTAL_ROLE_FEATURE_MAP.NEXTVAL,1,85,SYSDATE,null,'CP_SUPER_ADMIN_1',null);
INSERT INTO PORTAL_ROLE_FEATURE_MAP VALUES(SEQ_PORTAL_ROLE_FEATURE_MAP.NEXTVAL,1,86,SYSDATE,null,'CP_SUPER_ADMIN_1',null);
INSERT INTO PORTAL_ROLE_FEATURE_MAP VALUES(SEQ_PORTAL_ROLE_FEATURE_MAP.NEXTVAL,1,87,SYSDATE,null,'CP_SUPER_ADMIN_1',null);
INSERT INTO PORTAL_ROLE_FEATURE_MAP VALUES(SEQ_PORTAL_ROLE_FEATURE_MAP.NEXTVAL,1,88,SYSDATE,null,'CP_SUPER_ADMIN_1',null);
INSERT INTO PORTAL_ROLE_FEATURE_MAP VALUES(SEQ_PORTAL_ROLE_FEATURE_MAP.NEXTVAL,1,89,SYSDATE,null,'CP_SUPER_ADMIN_1',null);
INSERT INTO PORTAL_ROLE_FEATURE_MAP VALUES(SEQ_PORTAL_ROLE_FEATURE_MAP.NEXTVAL,1,90,SYSDATE,null,'CP_SUPER_ADMIN_1',null);
INSERT INTO PORTAL_ROLE_FEATURE_MAP VALUES(SEQ_PORTAL_ROLE_FEATURE_MAP.NEXTVAL,1,91,SYSDATE,null,'CP_SUPER_ADMIN_1',null);
INSERT INTO PORTAL_ROLE_FEATURE_MAP VALUES(SEQ_PORTAL_ROLE_FEATURE_MAP.NEXTVAL,1,92,SYSDATE,null,'CP_SUPER_ADMIN_1',null);
INSERT INTO PORTAL_ROLE_FEATURE_MAP VALUES(SEQ_PORTAL_ROLE_FEATURE_MAP.NEXTVAL,1,93,SYSDATE,null,'CP_SUPER_ADMIN_1',null);
INSERT INTO PORTAL_ROLE_FEATURE_MAP VALUES(SEQ_PORTAL_ROLE_FEATURE_MAP.NEXTVAL,1,94,SYSDATE,null,'CP_SUPER_ADMIN_1',null);
INSERT INTO PORTAL_ROLE_FEATURE_MAP VALUES(SEQ_PORTAL_ROLE_FEATURE_MAP.NEXTVAL,1,95,SYSDATE,null,'CP_SUPER_ADMIN_1',null);
INSERT INTO PORTAL_ROLE_FEATURE_MAP VALUES(SEQ_PORTAL_ROLE_FEATURE_MAP.NEXTVAL,1,96,SYSDATE,null,'CP_SUPER_ADMIN_1',null);
INSERT INTO PORTAL_ROLE_FEATURE_MAP VALUES(SEQ_PORTAL_ROLE_FEATURE_MAP.NEXTVAL,1,97,SYSDATE,null,'CP_SUPER_ADMIN_1',null);
INSERT INTO PORTAL_ROLE_FEATURE_MAP VALUES(SEQ_PORTAL_ROLE_FEATURE_MAP.NEXTVAL,1,98,SYSDATE,null,'CP_SUPER_ADMIN_1',null);
INSERT INTO PORTAL_ROLE_FEATURE_MAP VALUES(SEQ_PORTAL_ROLE_FEATURE_MAP.NEXTVAL,1,99,SYSDATE,null,'CP_SUPER_ADMIN_1',null);
INSERT INTO PORTAL_ROLE_FEATURE_MAP VALUES(SEQ_PORTAL_ROLE_FEATURE_MAP.NEXTVAL,1,100,SYSDATE,null,'CP_SUPER_ADMIN_1',null);
INSERT INTO PORTAL_ROLE_FEATURE_MAP VALUES(SEQ_PORTAL_ROLE_FEATURE_MAP.NEXTVAL,1,101,SYSDATE,null,'CP_SUPER_ADMIN_1',null);
INSERT INTO PORTAL_ROLE_FEATURE_MAP VALUES(SEQ_PORTAL_ROLE_FEATURE_MAP.NEXTVAL,1,102,SYSDATE,null,'CP_SUPER_ADMIN_1',null);
INSERT INTO PORTAL_ROLE_FEATURE_MAP VALUES(SEQ_PORTAL_ROLE_FEATURE_MAP.NEXTVAL,1,103,SYSDATE,null,'CP_SUPER_ADMIN_1',null);
INSERT INTO PORTAL_ROLE_FEATURE_MAP VALUES(SEQ_PORTAL_ROLE_FEATURE_MAP.NEXTVAL,1,104,SYSDATE,null,'CP_SUPER_ADMIN_1',null);
INSERT INTO PORTAL_ROLE_FEATURE_MAP VALUES(SEQ_PORTAL_ROLE_FEATURE_MAP.NEXTVAL,1,105,SYSDATE,null,'CP_SUPER_ADMIN_1',null);
INSERT INTO PORTAL_ROLE_FEATURE_MAP VALUES(SEQ_PORTAL_ROLE_FEATURE_MAP.NEXTVAL,1,106,SYSDATE,null,'CP_SUPER_ADMIN_1',null);
INSERT INTO PORTAL_ROLE_FEATURE_MAP VALUES(SEQ_PORTAL_ROLE_FEATURE_MAP.NEXTVAL,1,107,SYSDATE,null,'CP_SUPER_ADMIN_1',null);
INSERT INTO PORTAL_ROLE_FEATURE_MAP VALUES(SEQ_PORTAL_ROLE_FEATURE_MAP.NEXTVAL,1,108,SYSDATE,null,'CP_SUPER_ADMIN_1',null);
INSERT INTO PORTAL_ROLE_FEATURE_MAP VALUES(SEQ_PORTAL_ROLE_FEATURE_MAP.NEXTVAL,1,109,SYSDATE,null,'CP_SUPER_ADMIN_1',null);
INSERT INTO PORTAL_ROLE_FEATURE_MAP VALUES(SEQ_PORTAL_ROLE_FEATURE_MAP.NEXTVAL,1,110,SYSDATE,null,'CP_SUPER_ADMIN_1',null);
INSERT INTO PORTAL_ROLE_FEATURE_MAP VALUES(SEQ_PORTAL_ROLE_FEATURE_MAP.NEXTVAL,1,111,SYSDATE,null,'CP_SUPER_ADMIN_1',null);
INSERT INTO PORTAL_ROLE_FEATURE_MAP VALUES(SEQ_PORTAL_ROLE_FEATURE_MAP.NEXTVAL,1,112,SYSDATE,null,'CP_SUPER_ADMIN_1',null);
INSERT INTO PORTAL_ROLE_FEATURE_MAP VALUES(SEQ_PORTAL_ROLE_FEATURE_MAP.NEXTVAL,1,113,SYSDATE,null,'CP_SUPER_ADMIN_1',null);
INSERT INTO PORTAL_ROLE_FEATURE_MAP VALUES(SEQ_PORTAL_ROLE_FEATURE_MAP.NEXTVAL,1,114,SYSDATE,null,'CP_SUPER_ADMIN_1',null);
INSERT INTO PORTAL_ROLE_FEATURE_MAP VALUES(SEQ_PORTAL_ROLE_FEATURE_MAP.NEXTVAL,1,115,SYSDATE,null,'CP_SUPER_ADMIN_1',null);
INSERT INTO PORTAL_ROLE_FEATURE_MAP VALUES(SEQ_PORTAL_ROLE_FEATURE_MAP.NEXTVAL,1,116,SYSDATE,null,'CP_SUPER_ADMIN_1',null);
INSERT INTO PORTAL_ROLE_FEATURE_MAP VALUES(SEQ_PORTAL_ROLE_FEATURE_MAP.NEXTVAL,1,117,SYSDATE,null,'CP_SUPER_ADMIN_1',null);
INSERT INTO PORTAL_ROLE_FEATURE_MAP VALUES(SEQ_PORTAL_ROLE_FEATURE_MAP.NEXTVAL,1,118,SYSDATE,null,'CP_SUPER_ADMIN_1',null);
INSERT INTO PORTAL_ROLE_FEATURE_MAP VALUES(SEQ_PORTAL_ROLE_FEATURE_MAP.NEXTVAL,1,119,SYSDATE,null,'CP_SUPER_ADMIN_1',null);
INSERT INTO PORTAL_ROLE_FEATURE_MAP VALUES(SEQ_PORTAL_ROLE_FEATURE_MAP.NEXTVAL,1,120,SYSDATE,null,'CP_SUPER_ADMIN_1',null);
INSERT INTO PORTAL_ROLE_FEATURE_MAP VALUES(SEQ_PORTAL_ROLE_FEATURE_MAP.NEXTVAL,1,121,SYSDATE,null,'CP_SUPER_ADMIN_1',null);
INSERT INTO PORTAL_ROLE_FEATURE_MAP VALUES(SEQ_PORTAL_ROLE_FEATURE_MAP.NEXTVAL,1,122,SYSDATE,null,'CP_SUPER_ADMIN_1',null);
INSERT INTO PORTAL_ROLE_FEATURE_MAP VALUES(SEQ_PORTAL_ROLE_FEATURE_MAP.NEXTVAL,1,123,SYSDATE,null,'CP_SUPER_ADMIN_1',null);
INSERT INTO PORTAL_ROLE_FEATURE_MAP VALUES(SEQ_PORTAL_ROLE_FEATURE_MAP.NEXTVAL,1,124,SYSDATE,null,'CP_SUPER_ADMIN_1',null);
INSERT INTO PORTAL_ROLE_FEATURE_MAP VALUES(SEQ_PORTAL_ROLE_FEATURE_MAP.NEXTVAL,1,125,SYSDATE,null,'CP_SUPER_ADMIN_1',null);
INSERT INTO PORTAL_ROLE_FEATURE_MAP VALUES(SEQ_PORTAL_ROLE_FEATURE_MAP.NEXTVAL,1,126,SYSDATE,null,'CP_SUPER_ADMIN_1',null);
INSERT INTO PORTAL_ROLE_FEATURE_MAP VALUES(SEQ_PORTAL_ROLE_FEATURE_MAP.NEXTVAL,1,127,SYSDATE,null,'CP_SUPER_ADMIN_1',null);
INSERT INTO PORTAL_ROLE_FEATURE_MAP VALUES(SEQ_PORTAL_ROLE_FEATURE_MAP.NEXTVAL,1,128,SYSDATE,null,'CP_SUPER_ADMIN_1',null);
INSERT INTO PORTAL_ROLE_FEATURE_MAP VALUES(SEQ_PORTAL_ROLE_FEATURE_MAP.NEXTVAL,1,129,SYSDATE,null,'CP_SUPER_ADMIN_1',null);
INSERT INTO PORTAL_ROLE_FEATURE_MAP VALUES(SEQ_PORTAL_ROLE_FEATURE_MAP.NEXTVAL,1,130,SYSDATE,null,'CP_SUPER_ADMIN_1',null);
INSERT INTO PORTAL_ROLE_FEATURE_MAP VALUES(SEQ_PORTAL_ROLE_FEATURE_MAP.NEXTVAL,1,131,SYSDATE,null,'CP_SUPER_ADMIN_1',null);
INSERT INTO PORTAL_ROLE_FEATURE_MAP VALUES(SEQ_PORTAL_ROLE_FEATURE_MAP.NEXTVAL,1,132,SYSDATE,null,'CP_SUPER_ADMIN_1',null);
INSERT INTO PORTAL_ROLE_FEATURE_MAP VALUES(SEQ_PORTAL_ROLE_FEATURE_MAP.NEXTVAL,1,133,SYSDATE,null,'CP_SUPER_ADMIN_1',null);
INSERT INTO PORTAL_ROLE_FEATURE_MAP VALUES(SEQ_PORTAL_ROLE_FEATURE_MAP.NEXTVAL,1,134,SYSDATE,null,'CP_SUPER_ADMIN_1',null);
INSERT INTO PORTAL_ROLE_FEATURE_MAP VALUES(SEQ_PORTAL_ROLE_FEATURE_MAP.NEXTVAL,1,135,SYSDATE,null,'CP_SUPER_ADMIN_1',null);
INSERT INTO PORTAL_ROLE_FEATURE_MAP VALUES(SEQ_PORTAL_ROLE_FEATURE_MAP.NEXTVAL,1,136,SYSDATE,null,'CP_SUPER_ADMIN_1',null);
INSERT INTO PORTAL_ROLE_FEATURE_MAP VALUES(SEQ_PORTAL_ROLE_FEATURE_MAP.NEXTVAL,1,137,SYSDATE,null,'CP_SUPER_ADMIN_1',null);
INSERT INTO PORTAL_ROLE_FEATURE_MAP VALUES(SEQ_PORTAL_ROLE_FEATURE_MAP.NEXTVAL,1,138,SYSDATE,null,'CP_SUPER_ADMIN_1',null);
INSERT INTO PORTAL_ROLE_FEATURE_MAP VALUES(SEQ_PORTAL_ROLE_FEATURE_MAP.NEXTVAL,1,139,SYSDATE,null,'CP_SUPER_ADMIN_1',null);
INSERT INTO PORTAL_ROLE_FEATURE_MAP VALUES(SEQ_PORTAL_ROLE_FEATURE_MAP.NEXTVAL,1,140,SYSDATE,null,'CP_SUPER_ADMIN_1',null);
INSERT INTO PORTAL_ROLE_FEATURE_MAP VALUES(SEQ_PORTAL_ROLE_FEATURE_MAP.NEXTVAL,1,141,SYSDATE,null,'CP_SUPER_ADMIN_1',null);
INSERT INTO PORTAL_ROLE_FEATURE_MAP VALUES(SEQ_PORTAL_ROLE_FEATURE_MAP.NEXTVAL,1,142,SYSDATE,null,'CP_SUPER_ADMIN_1',null);
INSERT INTO PORTAL_ROLE_FEATURE_MAP VALUES(SEQ_PORTAL_ROLE_FEATURE_MAP.NEXTVAL,1,143,SYSDATE,null,'CP_SUPER_ADMIN_1',null);
INSERT INTO PORTAL_ROLE_FEATURE_MAP VALUES(SEQ_PORTAL_ROLE_FEATURE_MAP.NEXTVAL,1,144,SYSDATE,null,'CP_SUPER_ADMIN_1',null);
INSERT INTO PORTAL_ROLE_FEATURE_MAP VALUES(SEQ_PORTAL_ROLE_FEATURE_MAP.NEXTVAL,1,145,SYSDATE,null,'CP_SUPER_ADMIN_1',null);
INSERT INTO PORTAL_ROLE_FEATURE_MAP VALUES(SEQ_PORTAL_ROLE_FEATURE_MAP.NEXTVAL,1,146,SYSDATE,null,'CP_SUPER_ADMIN_1',null);
INSERT INTO PORTAL_ROLE_FEATURE_MAP VALUES(SEQ_PORTAL_ROLE_FEATURE_MAP.NEXTVAL,1,147,SYSDATE,null,'CP_SUPER_ADMIN_1',null);
INSERT INTO PORTAL_ROLE_FEATURE_MAP VALUES(SEQ_PORTAL_ROLE_FEATURE_MAP.NEXTVAL,1,148,SYSDATE,null,'CP_SUPER_ADMIN_1',null);
INSERT INTO PORTAL_ROLE_FEATURE_MAP VALUES(SEQ_PORTAL_ROLE_FEATURE_MAP.NEXTVAL,1,149,SYSDATE,null,'CP_SUPER_ADMIN_1',null);
INSERT INTO PORTAL_ROLE_FEATURE_MAP VALUES(SEQ_PORTAL_ROLE_FEATURE_MAP.NEXTVAL,1,150,SYSDATE,null,'CP_SUPER_ADMIN_1',null);
INSERT INTO PORTAL_ROLE_FEATURE_MAP VALUES(SEQ_PORTAL_ROLE_FEATURE_MAP.NEXTVAL,1,151,SYSDATE,null,'CP_SUPER_ADMIN_1',null);
INSERT INTO PORTAL_ROLE_FEATURE_MAP VALUES(SEQ_PORTAL_ROLE_FEATURE_MAP.NEXTVAL,1,152,SYSDATE,null,'CP_SUPER_ADMIN_1',null);
INSERT INTO PORTAL_ROLE_FEATURE_MAP VALUES(SEQ_PORTAL_ROLE_FEATURE_MAP.NEXTVAL,1,153,SYSDATE,null,'CP_SUPER_ADMIN_1',null);
INSERT INTO PORTAL_ROLE_FEATURE_MAP VALUES(SEQ_PORTAL_ROLE_FEATURE_MAP.NEXTVAL,1,154,SYSDATE,null,'CP_SUPER_ADMIN_1',null);
INSERT INTO PORTAL_ROLE_FEATURE_MAP VALUES(SEQ_PORTAL_ROLE_FEATURE_MAP.NEXTVAL,1,155,SYSDATE,null,'CP_SUPER_ADMIN_1',null);
INSERT INTO PORTAL_ROLE_FEATURE_MAP VALUES(SEQ_PORTAL_ROLE_FEATURE_MAP.NEXTVAL,1,156,SYSDATE,null,'CP_SUPER_ADMIN_1',null);
INSERT INTO PORTAL_ROLE_FEATURE_MAP VALUES(SEQ_PORTAL_ROLE_FEATURE_MAP.NEXTVAL,1,157,SYSDATE,null,'CP_SUPER_ADMIN_1',null);
INSERT INTO PORTAL_ROLE_FEATURE_MAP VALUES(SEQ_PORTAL_ROLE_FEATURE_MAP.NEXTVAL,1,158,SYSDATE,null,'CP_SUPER_ADMIN_1',null);
INSERT INTO PORTAL_ROLE_FEATURE_MAP VALUES(SEQ_PORTAL_ROLE_FEATURE_MAP.NEXTVAL,1,159,SYSDATE,null,'CP_SUPER_ADMIN_1',null);
INSERT INTO PORTAL_ROLE_FEATURE_MAP VALUES(SEQ_PORTAL_ROLE_FEATURE_MAP.NEXTVAL,1,160,SYSDATE,null,'CP_SUPER_ADMIN_1',null);
INSERT INTO PORTAL_ROLE_FEATURE_MAP VALUES(SEQ_PORTAL_ROLE_FEATURE_MAP.NEXTVAL,1,161,SYSDATE,null,'CP_SUPER_ADMIN_1',null);
INSERT INTO PORTAL_ROLE_FEATURE_MAP VALUES(SEQ_PORTAL_ROLE_FEATURE_MAP.NEXTVAL,1,162,SYSDATE,null,'CP_SUPER_ADMIN_1',null);
INSERT INTO PORTAL_ROLE_FEATURE_MAP VALUES(SEQ_PORTAL_ROLE_FEATURE_MAP.NEXTVAL,1,163,SYSDATE,null,'CP_SUPER_ADMIN_1',null);
INSERT INTO PORTAL_ROLE_FEATURE_MAP VALUES(SEQ_PORTAL_ROLE_FEATURE_MAP.NEXTVAL,1,164,SYSDATE,null,'CP_SUPER_ADMIN_1',null);
INSERT INTO PORTAL_ROLE_FEATURE_MAP VALUES(SEQ_PORTAL_ROLE_FEATURE_MAP.NEXTVAL,1,165,SYSDATE,null,'CP_SUPER_ADMIN_1',null);
INSERT INTO PORTAL_ROLE_FEATURE_MAP VALUES(SEQ_PORTAL_ROLE_FEATURE_MAP.NEXTVAL,1,166,SYSDATE,null,'CP_SUPER_ADMIN_1',null);
INSERT INTO PORTAL_ROLE_FEATURE_MAP VALUES(SEQ_PORTAL_ROLE_FEATURE_MAP.NEXTVAL,1,167,SYSDATE,null,'CP_SUPER_ADMIN_1',null);
INSERT INTO PORTAL_ROLE_FEATURE_MAP VALUES(SEQ_PORTAL_ROLE_FEATURE_MAP.NEXTVAL,1,168,SYSDATE,null,'CP_SUPER_ADMIN_1',null);
INSERT INTO PORTAL_ROLE_FEATURE_MAP VALUES(SEQ_PORTAL_ROLE_FEATURE_MAP.NEXTVAL,1,169,SYSDATE,null,'CP_SUPER_ADMIN_1',null);
INSERT INTO PORTAL_ROLE_FEATURE_MAP VALUES(SEQ_PORTAL_ROLE_FEATURE_MAP.NEXTVAL,1,170,SYSDATE,null,'CP_SUPER_ADMIN_1',null);
INSERT INTO PORTAL_ROLE_FEATURE_MAP VALUES(SEQ_PORTAL_ROLE_FEATURE_MAP.NEXTVAL,1,171,SYSDATE,null,'CP_SUPER_ADMIN_1',null);
INSERT INTO PORTAL_ROLE_FEATURE_MAP VALUES(SEQ_PORTAL_ROLE_FEATURE_MAP.NEXTVAL,1,172,SYSDATE,null,'CP_SUPER_ADMIN_1',null);
INSERT INTO PORTAL_ROLE_FEATURE_MAP VALUES(SEQ_PORTAL_ROLE_FEATURE_MAP.NEXTVAL,1,173,SYSDATE,null,'CP_SUPER_ADMIN_1',null);
INSERT INTO PORTAL_ROLE_FEATURE_MAP VALUES(SEQ_PORTAL_ROLE_FEATURE_MAP.NEXTVAL,1,174,SYSDATE,null,'CP_SUPER_ADMIN_1',null);
INSERT INTO PORTAL_ROLE_FEATURE_MAP VALUES(SEQ_PORTAL_ROLE_FEATURE_MAP.NEXTVAL,1,175,SYSDATE,null,'CP_SUPER_ADMIN_1',null);
INSERT INTO PORTAL_ROLE_FEATURE_MAP VALUES(SEQ_PORTAL_ROLE_FEATURE_MAP.NEXTVAL,1,176,SYSDATE,null,'CP_SUPER_ADMIN_1',null);
INSERT INTO PORTAL_ROLE_FEATURE_MAP VALUES(SEQ_PORTAL_ROLE_FEATURE_MAP.NEXTVAL,1,177,SYSDATE,null,'CP_SUPER_ADMIN_1',null);
INSERT INTO PORTAL_ROLE_FEATURE_MAP VALUES(SEQ_PORTAL_ROLE_FEATURE_MAP.NEXTVAL,1,178,SYSDATE,null,'CP_SUPER_ADMIN_1',null);
INSERT INTO PORTAL_ROLE_FEATURE_MAP VALUES(SEQ_PORTAL_ROLE_FEATURE_MAP.NEXTVAL,1,179,SYSDATE,null,'CP_SUPER_ADMIN_1',null);
INSERT INTO PORTAL_ROLE_FEATURE_MAP VALUES(SEQ_PORTAL_ROLE_FEATURE_MAP.NEXTVAL,1,180,SYSDATE,null,'CP_SUPER_ADMIN_1',null);
INSERT INTO PORTAL_ROLE_FEATURE_MAP VALUES(SEQ_PORTAL_ROLE_FEATURE_MAP.NEXTVAL,1,181,SYSDATE,null,'CP_SUPER_ADMIN_1',null);
INSERT INTO PORTAL_ROLE_FEATURE_MAP VALUES(SEQ_PORTAL_ROLE_FEATURE_MAP.NEXTVAL,1,182,SYSDATE,null,'CP_SUPER_ADMIN_1',null);
INSERT INTO PORTAL_ROLE_FEATURE_MAP VALUES(SEQ_PORTAL_ROLE_FEATURE_MAP.NEXTVAL,1,183,SYSDATE,null,'CP_SUPER_ADMIN_1',null);
INSERT INTO PORTAL_ROLE_FEATURE_MAP VALUES(SEQ_PORTAL_ROLE_FEATURE_MAP.NEXTVAL,1,184,SYSDATE,null,'CP_SUPER_ADMIN_1',null);
INSERT INTO PORTAL_ROLE_FEATURE_MAP VALUES(SEQ_PORTAL_ROLE_FEATURE_MAP.NEXTVAL,1,185,SYSDATE,null,'CP_SUPER_ADMIN_1',null);
INSERT INTO PORTAL_ROLE_FEATURE_MAP VALUES(SEQ_PORTAL_ROLE_FEATURE_MAP.NEXTVAL,1,186,SYSDATE,null,'CP_SUPER_ADMIN_1',null);
INSERT INTO PORTAL_ROLE_FEATURE_MAP VALUES(SEQ_PORTAL_ROLE_FEATURE_MAP.NEXTVAL,1,187,SYSDATE,null,'CP_SUPER_ADMIN_1',null);
INSERT INTO PORTAL_ROLE_FEATURE_MAP VALUES(SEQ_PORTAL_ROLE_FEATURE_MAP.NEXTVAL,1,188,SYSDATE,null,'CP_SUPER_ADMIN_1',null);
INSERT INTO PORTAL_ROLE_FEATURE_MAP VALUES(SEQ_PORTAL_ROLE_FEATURE_MAP.NEXTVAL,1,189,SYSDATE,null,'CP_SUPER_ADMIN_1',null);
INSERT INTO PORTAL_ROLE_FEATURE_MAP VALUES(SEQ_PORTAL_ROLE_FEATURE_MAP.NEXTVAL,1,190,SYSDATE,null,'CP_SUPER_ADMIN_1',null);
INSERT INTO PORTAL_ROLE_FEATURE_MAP VALUES(SEQ_PORTAL_ROLE_FEATURE_MAP.NEXTVAL,1,197,SYSDATE,null,'CP_SUPER_ADMIN_1',null);
INSERT INTO PORTAL_ROLE_FEATURE_MAP VALUES(SEQ_PORTAL_ROLE_FEATURE_MAP.NEXTVAL,1,201,SYSDATE,null,'CP_SUPER_ADMIN_1',null);
INSERT INTO PORTAL_ROLE_FEATURE_MAP VALUES(SEQ_PORTAL_ROLE_FEATURE_MAP.NEXTVAL,1,202,SYSDATE,null,'CP_SUPER_ADMIN_1',null);

INSERT INTO PORTAL_ROLE_FEATURE_MAP VALUES(SEQ_PORTAL_ROLE_FEATURE_MAP.NEXTVAL,1,208,SYSDATE,null,'CP_SUPER_ADMIN_1',null);
INSERT INTO PORTAL_ROLE_FEATURE_MAP VALUES(SEQ_PORTAL_ROLE_FEATURE_MAP.NEXTVAL,1,209,SYSDATE,null,'CP_SUPER_ADMIN_1',null);

-- Insert scripts for entity feature mapping for Super admin type
INSERT INTO ENTITY_FEATURE (ID,ENTITY_ID,FEATURE_ID) VALUES (SEQ_ENTITY_FEATURE.NEXTVAL,1,1);
INSERT INTO ENTITY_FEATURE (ID,ENTITY_ID,FEATURE_ID) VALUES (SEQ_ENTITY_FEATURE.NEXTVAL,1,2);
INSERT INTO ENTITY_FEATURE (ID,ENTITY_ID,FEATURE_ID) VALUES (SEQ_ENTITY_FEATURE.NEXTVAL,1,3);
INSERT INTO ENTITY_FEATURE (ID,ENTITY_ID,FEATURE_ID) VALUES (SEQ_ENTITY_FEATURE.NEXTVAL,1,4);
INSERT INTO ENTITY_FEATURE (ID,ENTITY_ID,FEATURE_ID) VALUES (SEQ_ENTITY_FEATURE.NEXTVAL,1,5);
INSERT INTO ENTITY_FEATURE (ID,ENTITY_ID,FEATURE_ID) VALUES (SEQ_ENTITY_FEATURE.NEXTVAL,1,6);
INSERT INTO ENTITY_FEATURE (ID,ENTITY_ID,FEATURE_ID) VALUES (SEQ_ENTITY_FEATURE.NEXTVAL,1,7);
INSERT INTO ENTITY_FEATURE (ID,ENTITY_ID,FEATURE_ID) VALUES (SEQ_ENTITY_FEATURE.NEXTVAL,1,8);
INSERT INTO ENTITY_FEATURE (ID,ENTITY_ID,FEATURE_ID) VALUES (SEQ_ENTITY_FEATURE.NEXTVAL,1,9);
INSERT INTO ENTITY_FEATURE (ID,ENTITY_ID,FEATURE_ID) VALUES (SEQ_ENTITY_FEATURE.NEXTVAL,1,10);
INSERT INTO ENTITY_FEATURE (ID,ENTITY_ID,FEATURE_ID) VALUES (SEQ_ENTITY_FEATURE.NEXTVAL,1,11);
INSERT INTO ENTITY_FEATURE (ID,ENTITY_ID,FEATURE_ID) VALUES (SEQ_ENTITY_FEATURE.NEXTVAL,1,12);
INSERT INTO ENTITY_FEATURE (ID,ENTITY_ID,FEATURE_ID) VALUES (SEQ_ENTITY_FEATURE.NEXTVAL,1,13);
INSERT INTO ENTITY_FEATURE (ID,ENTITY_ID,FEATURE_ID) VALUES (SEQ_ENTITY_FEATURE.NEXTVAL,1,14);
INSERT INTO ENTITY_FEATURE (ID,ENTITY_ID,FEATURE_ID) VALUES (SEQ_ENTITY_FEATURE.NEXTVAL,1,15);
INSERT INTO ENTITY_FEATURE (ID,ENTITY_ID,FEATURE_ID) VALUES (SEQ_ENTITY_FEATURE.NEXTVAL,1,16);
INSERT INTO ENTITY_FEATURE (ID,ENTITY_ID,FEATURE_ID) VALUES (SEQ_ENTITY_FEATURE.NEXTVAL,1,17);
INSERT INTO ENTITY_FEATURE (ID,ENTITY_ID,FEATURE_ID) VALUES (SEQ_ENTITY_FEATURE.NEXTVAL,1,18);
INSERT INTO ENTITY_FEATURE (ID,ENTITY_ID,FEATURE_ID) VALUES (SEQ_ENTITY_FEATURE.NEXTVAL,1,19);
INSERT INTO ENTITY_FEATURE (ID,ENTITY_ID,FEATURE_ID) VALUES (SEQ_ENTITY_FEATURE.NEXTVAL,1,20);
INSERT INTO ENTITY_FEATURE (ID,ENTITY_ID,FEATURE_ID) VALUES (SEQ_ENTITY_FEATURE.NEXTVAL,1,21);
INSERT INTO ENTITY_FEATURE (ID,ENTITY_ID,FEATURE_ID) VALUES (SEQ_ENTITY_FEATURE.NEXTVAL,1,22);
INSERT INTO ENTITY_FEATURE (ID,ENTITY_ID,FEATURE_ID) VALUES (SEQ_ENTITY_FEATURE.NEXTVAL,1,23);
INSERT INTO ENTITY_FEATURE (ID,ENTITY_ID,FEATURE_ID) VALUES (SEQ_ENTITY_FEATURE.NEXTVAL,1,24);
INSERT INTO ENTITY_FEATURE (ID,ENTITY_ID,FEATURE_ID) VALUES (SEQ_ENTITY_FEATURE.NEXTVAL,1,25);
INSERT INTO ENTITY_FEATURE (ID,ENTITY_ID,FEATURE_ID) VALUES (SEQ_ENTITY_FEATURE.NEXTVAL,1,26);
INSERT INTO ENTITY_FEATURE (ID,ENTITY_ID,FEATURE_ID) VALUES (SEQ_ENTITY_FEATURE.NEXTVAL,1,27);
INSERT INTO ENTITY_FEATURE (ID,ENTITY_ID,FEATURE_ID) VALUES (SEQ_ENTITY_FEATURE.NEXTVAL,1,28);
INSERT INTO ENTITY_FEATURE (ID,ENTITY_ID,FEATURE_ID) VALUES (SEQ_ENTITY_FEATURE.NEXTVAL,1,29);
INSERT INTO ENTITY_FEATURE (ID,ENTITY_ID,FEATURE_ID) VALUES (SEQ_ENTITY_FEATURE.NEXTVAL,1,30);
INSERT INTO ENTITY_FEATURE (ID,ENTITY_ID,FEATURE_ID) VALUES (SEQ_ENTITY_FEATURE.NEXTVAL,1,31);
INSERT INTO ENTITY_FEATURE (ID,ENTITY_ID,FEATURE_ID) VALUES (SEQ_ENTITY_FEATURE.NEXTVAL,1,32);
INSERT INTO ENTITY_FEATURE (ID,ENTITY_ID,FEATURE_ID) VALUES (SEQ_ENTITY_FEATURE.NEXTVAL,1,33);
INSERT INTO ENTITY_FEATURE (ID,ENTITY_ID,FEATURE_ID) VALUES (SEQ_ENTITY_FEATURE.NEXTVAL,1,34);
INSERT INTO ENTITY_FEATURE (ID,ENTITY_ID,FEATURE_ID) VALUES (SEQ_ENTITY_FEATURE.NEXTVAL,1,35);
INSERT INTO ENTITY_FEATURE (ID,ENTITY_ID,FEATURE_ID) VALUES (SEQ_ENTITY_FEATURE.NEXTVAL,1,36);
INSERT INTO ENTITY_FEATURE (ID,ENTITY_ID,FEATURE_ID) VALUES (SEQ_ENTITY_FEATURE.NEXTVAL,1,37);
INSERT INTO ENTITY_FEATURE (ID,ENTITY_ID,FEATURE_ID) VALUES (SEQ_ENTITY_FEATURE.NEXTVAL,1,38);
INSERT INTO ENTITY_FEATURE (ID,ENTITY_ID,FEATURE_ID) VALUES (SEQ_ENTITY_FEATURE.NEXTVAL,1,39);
INSERT INTO ENTITY_FEATURE (ID,ENTITY_ID,FEATURE_ID) VALUES (SEQ_ENTITY_FEATURE.NEXTVAL,1,40);
INSERT INTO ENTITY_FEATURE (ID,ENTITY_ID,FEATURE_ID) VALUES (SEQ_ENTITY_FEATURE.NEXTVAL,1,41);
INSERT INTO ENTITY_FEATURE (ID,ENTITY_ID,FEATURE_ID) VALUES (SEQ_ENTITY_FEATURE.NEXTVAL,1,42);
INSERT INTO ENTITY_FEATURE (ID,ENTITY_ID,FEATURE_ID) VALUES (SEQ_ENTITY_FEATURE.NEXTVAL,1,43);
INSERT INTO ENTITY_FEATURE (ID,ENTITY_ID,FEATURE_ID) VALUES (SEQ_ENTITY_FEATURE.NEXTVAL,1,44);
INSERT INTO ENTITY_FEATURE (ID,ENTITY_ID,FEATURE_ID) VALUES (SEQ_ENTITY_FEATURE.NEXTVAL,1,46);
INSERT INTO ENTITY_FEATURE (ID,ENTITY_ID,FEATURE_ID) VALUES (SEQ_ENTITY_FEATURE.NEXTVAL,1,47);
INSERT INTO ENTITY_FEATURE (ID,ENTITY_ID,FEATURE_ID) VALUES (SEQ_ENTITY_FEATURE.NEXTVAL,1,48);
INSERT INTO ENTITY_FEATURE (ID,ENTITY_ID,FEATURE_ID) VALUES (SEQ_ENTITY_FEATURE.NEXTVAL,1,49);
INSERT INTO ENTITY_FEATURE (ID,ENTITY_ID,FEATURE_ID) VALUES (SEQ_ENTITY_FEATURE.NEXTVAL,1,50);
INSERT INTO ENTITY_FEATURE (ID,ENTITY_ID,FEATURE_ID) VALUES (SEQ_ENTITY_FEATURE.NEXTVAL,1,51);
INSERT INTO ENTITY_FEATURE (ID,ENTITY_ID,FEATURE_ID) VALUES (SEQ_ENTITY_FEATURE.NEXTVAL,1,52);
INSERT INTO ENTITY_FEATURE (ID,ENTITY_ID,FEATURE_ID) VALUES (SEQ_ENTITY_FEATURE.NEXTVAL,1,53);
INSERT INTO ENTITY_FEATURE (ID,ENTITY_ID,FEATURE_ID) VALUES (SEQ_ENTITY_FEATURE.NEXTVAL,1,54);
INSERT INTO ENTITY_FEATURE (ID,ENTITY_ID,FEATURE_ID) VALUES (SEQ_ENTITY_FEATURE.NEXTVAL,1,55);
INSERT INTO ENTITY_FEATURE (ID,ENTITY_ID,FEATURE_ID) VALUES (SEQ_ENTITY_FEATURE.NEXTVAL,1,56);
INSERT INTO ENTITY_FEATURE (ID,ENTITY_ID,FEATURE_ID) VALUES (SEQ_ENTITY_FEATURE.NEXTVAL,1,57);
INSERT INTO ENTITY_FEATURE (ID,ENTITY_ID,FEATURE_ID) VALUES (SEQ_ENTITY_FEATURE.NEXTVAL,1,58);
INSERT INTO ENTITY_FEATURE (ID,ENTITY_ID,FEATURE_ID) VALUES (SEQ_ENTITY_FEATURE.NEXTVAL,1,59);
INSERT INTO ENTITY_FEATURE (ID,ENTITY_ID,FEATURE_ID) VALUES (SEQ_ENTITY_FEATURE.NEXTVAL,1,60);
INSERT INTO ENTITY_FEATURE (ID,ENTITY_ID,FEATURE_ID) VALUES (SEQ_ENTITY_FEATURE.NEXTVAL,1,61);
INSERT INTO ENTITY_FEATURE (ID,ENTITY_ID,FEATURE_ID) VALUES (SEQ_ENTITY_FEATURE.NEXTVAL,1,62);
INSERT INTO ENTITY_FEATURE (ID,ENTITY_ID,FEATURE_ID) VALUES (SEQ_ENTITY_FEATURE.NEXTVAL,1,63);
INSERT INTO ENTITY_FEATURE (ID,ENTITY_ID,FEATURE_ID) VALUES (SEQ_ENTITY_FEATURE.NEXTVAL,1,64);
INSERT INTO ENTITY_FEATURE (ID,ENTITY_ID,FEATURE_ID) VALUES (SEQ_ENTITY_FEATURE.NEXTVAL,1,65);
INSERT INTO ENTITY_FEATURE (ID,ENTITY_ID,FEATURE_ID) VALUES (SEQ_ENTITY_FEATURE.NEXTVAL,1,66);
INSERT INTO ENTITY_FEATURE (ID,ENTITY_ID,FEATURE_ID) VALUES (SEQ_ENTITY_FEATURE.NEXTVAL,1,67);
INSERT INTO ENTITY_FEATURE (ID,ENTITY_ID,FEATURE_ID) VALUES (SEQ_ENTITY_FEATURE.NEXTVAL,1,68);
INSERT INTO ENTITY_FEATURE (ID,ENTITY_ID,FEATURE_ID) VALUES (SEQ_ENTITY_FEATURE.NEXTVAL,1,69);
INSERT INTO ENTITY_FEATURE (ID,ENTITY_ID,FEATURE_ID) VALUES (SEQ_ENTITY_FEATURE.NEXTVAL,1,70);
INSERT INTO ENTITY_FEATURE (ID,ENTITY_ID,FEATURE_ID) VALUES (SEQ_ENTITY_FEATURE.NEXTVAL,1,71);
INSERT INTO ENTITY_FEATURE (ID,ENTITY_ID,FEATURE_ID) VALUES (SEQ_ENTITY_FEATURE.NEXTVAL,1,72);
INSERT INTO ENTITY_FEATURE (ID,ENTITY_ID,FEATURE_ID) VALUES (SEQ_ENTITY_FEATURE.NEXTVAL,1,73);
INSERT INTO ENTITY_FEATURE (ID,ENTITY_ID,FEATURE_ID) VALUES (SEQ_ENTITY_FEATURE.NEXTVAL,1,74);
INSERT INTO ENTITY_FEATURE (ID,ENTITY_ID,FEATURE_ID) VALUES (SEQ_ENTITY_FEATURE.NEXTVAL,1,75);
INSERT INTO ENTITY_FEATURE (ID,ENTITY_ID,FEATURE_ID) VALUES (SEQ_ENTITY_FEATURE.NEXTVAL,1,76);
INSERT INTO ENTITY_FEATURE (ID,ENTITY_ID,FEATURE_ID) VALUES (SEQ_ENTITY_FEATURE.NEXTVAL,1,77);
INSERT INTO ENTITY_FEATURE (ID,ENTITY_ID,FEATURE_ID) VALUES (SEQ_ENTITY_FEATURE.NEXTVAL,1,78);
INSERT INTO ENTITY_FEATURE (ID,ENTITY_ID,FEATURE_ID) VALUES (SEQ_ENTITY_FEATURE.NEXTVAL,1,79);
INSERT INTO ENTITY_FEATURE (ID,ENTITY_ID,FEATURE_ID) VALUES (SEQ_ENTITY_FEATURE.NEXTVAL,1,80);
INSERT INTO ENTITY_FEATURE (ID,ENTITY_ID,FEATURE_ID) VALUES (SEQ_ENTITY_FEATURE.NEXTVAL,1,81);
INSERT INTO ENTITY_FEATURE (ID,ENTITY_ID,FEATURE_ID) VALUES (SEQ_ENTITY_FEATURE.NEXTVAL,1,82);
INSERT INTO ENTITY_FEATURE (ID,ENTITY_ID,FEATURE_ID) VALUES (SEQ_ENTITY_FEATURE.NEXTVAL,1,83);
INSERT INTO ENTITY_FEATURE (ID,ENTITY_ID,FEATURE_ID) VALUES (SEQ_ENTITY_FEATURE.NEXTVAL,1,84);
INSERT INTO ENTITY_FEATURE (ID,ENTITY_ID,FEATURE_ID) VALUES (SEQ_ENTITY_FEATURE.NEXTVAL,1,85);
INSERT INTO ENTITY_FEATURE (ID,ENTITY_ID,FEATURE_ID) VALUES (SEQ_ENTITY_FEATURE.NEXTVAL,1,86);
INSERT INTO ENTITY_FEATURE (ID,ENTITY_ID,FEATURE_ID) VALUES (SEQ_ENTITY_FEATURE.NEXTVAL,1,87);
INSERT INTO ENTITY_FEATURE (ID,ENTITY_ID,FEATURE_ID) VALUES (SEQ_ENTITY_FEATURE.NEXTVAL,1,88);
INSERT INTO ENTITY_FEATURE (ID,ENTITY_ID,FEATURE_ID) VALUES (SEQ_ENTITY_FEATURE.NEXTVAL,1,89);
INSERT INTO ENTITY_FEATURE (ID,ENTITY_ID,FEATURE_ID) VALUES (SEQ_ENTITY_FEATURE.NEXTVAL,1,90);
INSERT INTO ENTITY_FEATURE (ID,ENTITY_ID,FEATURE_ID) VALUES (SEQ_ENTITY_FEATURE.NEXTVAL,1,91);
INSERT INTO ENTITY_FEATURE (ID,ENTITY_ID,FEATURE_ID) VALUES (SEQ_ENTITY_FEATURE.NEXTVAL,1,92);
INSERT INTO ENTITY_FEATURE (ID,ENTITY_ID,FEATURE_ID) VALUES (SEQ_ENTITY_FEATURE.NEXTVAL,1,93);
INSERT INTO ENTITY_FEATURE (ID,ENTITY_ID,FEATURE_ID) VALUES (SEQ_ENTITY_FEATURE.NEXTVAL,1,94);
INSERT INTO ENTITY_FEATURE (ID,ENTITY_ID,FEATURE_ID) VALUES (SEQ_ENTITY_FEATURE.NEXTVAL,1,95);
INSERT INTO ENTITY_FEATURE (ID,ENTITY_ID,FEATURE_ID) VALUES (SEQ_ENTITY_FEATURE.NEXTVAL,1,96);
INSERT INTO ENTITY_FEATURE (ID,ENTITY_ID,FEATURE_ID) VALUES (SEQ_ENTITY_FEATURE.NEXTVAL,1,97);
INSERT INTO ENTITY_FEATURE (ID,ENTITY_ID,FEATURE_ID) VALUES (SEQ_ENTITY_FEATURE.NEXTVAL,1,98);
INSERT INTO ENTITY_FEATURE (ID,ENTITY_ID,FEATURE_ID) VALUES (SEQ_ENTITY_FEATURE.NEXTVAL,1,99);
INSERT INTO ENTITY_FEATURE (ID,ENTITY_ID,FEATURE_ID) VALUES (SEQ_ENTITY_FEATURE.NEXTVAL,1,100);
INSERT INTO ENTITY_FEATURE (ID,ENTITY_ID,FEATURE_ID) VALUES (SEQ_ENTITY_FEATURE.NEXTVAL,1,101);
INSERT INTO ENTITY_FEATURE (ID,ENTITY_ID,FEATURE_ID) VALUES (SEQ_ENTITY_FEATURE.NEXTVAL,1,102);
INSERT INTO ENTITY_FEATURE (ID,ENTITY_ID,FEATURE_ID) VALUES (SEQ_ENTITY_FEATURE.NEXTVAL,1,103);
INSERT INTO ENTITY_FEATURE (ID,ENTITY_ID,FEATURE_ID) VALUES (SEQ_ENTITY_FEATURE.NEXTVAL,1,104);
INSERT INTO ENTITY_FEATURE (ID,ENTITY_ID,FEATURE_ID) VALUES (SEQ_ENTITY_FEATURE.NEXTVAL,1,105);
INSERT INTO ENTITY_FEATURE (ID,ENTITY_ID,FEATURE_ID) VALUES (SEQ_ENTITY_FEATURE.NEXTVAL,1,106);
INSERT INTO ENTITY_FEATURE (ID,ENTITY_ID,FEATURE_ID) VALUES (SEQ_ENTITY_FEATURE.NEXTVAL,1,107);
INSERT INTO ENTITY_FEATURE (ID,ENTITY_ID,FEATURE_ID) VALUES (SEQ_ENTITY_FEATURE.NEXTVAL,1,108);
INSERT INTO ENTITY_FEATURE (ID,ENTITY_ID,FEATURE_ID) VALUES (SEQ_ENTITY_FEATURE.NEXTVAL,1,109);
INSERT INTO ENTITY_FEATURE (ID,ENTITY_ID,FEATURE_ID) VALUES (SEQ_ENTITY_FEATURE.NEXTVAL,1,110);
INSERT INTO ENTITY_FEATURE (ID,ENTITY_ID,FEATURE_ID) VALUES (SEQ_ENTITY_FEATURE.NEXTVAL,1,111);
INSERT INTO ENTITY_FEATURE (ID,ENTITY_ID,FEATURE_ID) VALUES (SEQ_ENTITY_FEATURE.NEXTVAL,1,112);
INSERT INTO ENTITY_FEATURE (ID,ENTITY_ID,FEATURE_ID) VALUES (SEQ_ENTITY_FEATURE.NEXTVAL,1,113);
INSERT INTO ENTITY_FEATURE (ID,ENTITY_ID,FEATURE_ID) VALUES (SEQ_ENTITY_FEATURE.NEXTVAL,1,114);
INSERT INTO ENTITY_FEATURE (ID,ENTITY_ID,FEATURE_ID) VALUES (SEQ_ENTITY_FEATURE.NEXTVAL,1,115);
INSERT INTO ENTITY_FEATURE (ID,ENTITY_ID,FEATURE_ID) VALUES (SEQ_ENTITY_FEATURE.NEXTVAL,1,116);
INSERT INTO ENTITY_FEATURE (ID,ENTITY_ID,FEATURE_ID) VALUES (SEQ_ENTITY_FEATURE.NEXTVAL,1,117);
INSERT INTO ENTITY_FEATURE (ID,ENTITY_ID,FEATURE_ID) VALUES (SEQ_ENTITY_FEATURE.NEXTVAL,1,118);
INSERT INTO ENTITY_FEATURE (ID,ENTITY_ID,FEATURE_ID) VALUES (SEQ_ENTITY_FEATURE.NEXTVAL,1,119);
INSERT INTO ENTITY_FEATURE (ID,ENTITY_ID,FEATURE_ID) VALUES (SEQ_ENTITY_FEATURE.NEXTVAL,1,120);
INSERT INTO ENTITY_FEATURE (ID,ENTITY_ID,FEATURE_ID) VALUES (SEQ_ENTITY_FEATURE.NEXTVAL,1,121);
INSERT INTO ENTITY_FEATURE (ID,ENTITY_ID,FEATURE_ID) VALUES (SEQ_ENTITY_FEATURE.NEXTVAL,1,122);
INSERT INTO ENTITY_FEATURE (ID,ENTITY_ID,FEATURE_ID) VALUES (SEQ_ENTITY_FEATURE.NEXTVAL,1,123);
INSERT INTO ENTITY_FEATURE (ID,ENTITY_ID,FEATURE_ID) VALUES (SEQ_ENTITY_FEATURE.NEXTVAL,1,124);
INSERT INTO ENTITY_FEATURE (ID,ENTITY_ID,FEATURE_ID) VALUES (SEQ_ENTITY_FEATURE.NEXTVAL,1,125);
INSERT INTO ENTITY_FEATURE (ID,ENTITY_ID,FEATURE_ID) VALUES (SEQ_ENTITY_FEATURE.NEXTVAL,1,126);
INSERT INTO ENTITY_FEATURE (ID,ENTITY_ID,FEATURE_ID) VALUES (SEQ_ENTITY_FEATURE.NEXTVAL,1,127);
INSERT INTO ENTITY_FEATURE (ID,ENTITY_ID,FEATURE_ID) VALUES (SEQ_ENTITY_FEATURE.NEXTVAL,1,128);
INSERT INTO ENTITY_FEATURE (ID,ENTITY_ID,FEATURE_ID) VALUES (SEQ_ENTITY_FEATURE.NEXTVAL,1,129);
INSERT INTO ENTITY_FEATURE (ID,ENTITY_ID,FEATURE_ID) VALUES (SEQ_ENTITY_FEATURE.NEXTVAL,1,130);
INSERT INTO ENTITY_FEATURE (ID,ENTITY_ID,FEATURE_ID) VALUES (SEQ_ENTITY_FEATURE.NEXTVAL,1,131);
INSERT INTO ENTITY_FEATURE (ID,ENTITY_ID,FEATURE_ID) VALUES (SEQ_ENTITY_FEATURE.NEXTVAL,1,132);
INSERT INTO ENTITY_FEATURE (ID,ENTITY_ID,FEATURE_ID) VALUES (SEQ_ENTITY_FEATURE.NEXTVAL,1,133);
INSERT INTO ENTITY_FEATURE (ID,ENTITY_ID,FEATURE_ID) VALUES (SEQ_ENTITY_FEATURE.NEXTVAL,1,134);
INSERT INTO ENTITY_FEATURE (ID,ENTITY_ID,FEATURE_ID) VALUES (SEQ_ENTITY_FEATURE.NEXTVAL,1,135);
INSERT INTO ENTITY_FEATURE (ID,ENTITY_ID,FEATURE_ID) VALUES (SEQ_ENTITY_FEATURE.NEXTVAL,1,136);
INSERT INTO ENTITY_FEATURE (ID,ENTITY_ID,FEATURE_ID) VALUES (SEQ_ENTITY_FEATURE.NEXTVAL,1,137);
INSERT INTO ENTITY_FEATURE (ID,ENTITY_ID,FEATURE_ID) VALUES (SEQ_ENTITY_FEATURE.NEXTVAL,1,139);
INSERT INTO ENTITY_FEATURE (ID,ENTITY_ID,FEATURE_ID) VALUES (SEQ_ENTITY_FEATURE.NEXTVAL,1,140);
INSERT INTO ENTITY_FEATURE (ID,ENTITY_ID,FEATURE_ID) VALUES (SEQ_ENTITY_FEATURE.NEXTVAL,1,141);
INSERT INTO ENTITY_FEATURE (ID,ENTITY_ID,FEATURE_ID) VALUES (SEQ_ENTITY_FEATURE.NEXTVAL,1,143);
INSERT INTO ENTITY_FEATURE (ID,ENTITY_ID,FEATURE_ID) VALUES (SEQ_ENTITY_FEATURE.NEXTVAL,1,144);
INSERT INTO ENTITY_FEATURE (ID,ENTITY_ID,FEATURE_ID) VALUES (SEQ_ENTITY_FEATURE.NEXTVAL,1,145);
INSERT INTO ENTITY_FEATURE (ID,ENTITY_ID,FEATURE_ID) VALUES (SEQ_ENTITY_FEATURE.NEXTVAL,1,146);
INSERT INTO ENTITY_FEATURE (ID,ENTITY_ID,FEATURE_ID) VALUES (SEQ_ENTITY_FEATURE.NEXTVAL,1,147);
INSERT INTO ENTITY_FEATURE (ID,ENTITY_ID,FEATURE_ID) VALUES (SEQ_ENTITY_FEATURE.NEXTVAL,1,148);
INSERT INTO ENTITY_FEATURE (ID,ENTITY_ID,FEATURE_ID) VALUES (SEQ_ENTITY_FEATURE.NEXTVAL,1,149);
INSERT INTO ENTITY_FEATURE (ID,ENTITY_ID,FEATURE_ID) VALUES (SEQ_ENTITY_FEATURE.NEXTVAL,1,150);
INSERT INTO ENTITY_FEATURE (ID,ENTITY_ID,FEATURE_ID) VALUES (SEQ_ENTITY_FEATURE.NEXTVAL,1,151);
INSERT INTO ENTITY_FEATURE (ID,ENTITY_ID,FEATURE_ID) VALUES (SEQ_ENTITY_FEATURE.NEXTVAL,1,152);
INSERT INTO ENTITY_FEATURE (ID,ENTITY_ID,FEATURE_ID) VALUES (SEQ_ENTITY_FEATURE.NEXTVAL,1,153);
INSERT INTO ENTITY_FEATURE (ID,ENTITY_ID,FEATURE_ID) VALUES (SEQ_ENTITY_FEATURE.NEXTVAL,1,154);
INSERT INTO ENTITY_FEATURE (ID,ENTITY_ID,FEATURE_ID) VALUES (SEQ_ENTITY_FEATURE.NEXTVAL,1,155);
INSERT INTO ENTITY_FEATURE (ID,ENTITY_ID,FEATURE_ID) VALUES (SEQ_ENTITY_FEATURE.NEXTVAL,1,156);
INSERT INTO ENTITY_FEATURE (ID,ENTITY_ID,FEATURE_ID) VALUES (SEQ_ENTITY_FEATURE.NEXTVAL,1,157);
INSERT INTO ENTITY_FEATURE (ID,ENTITY_ID,FEATURE_ID) VALUES (SEQ_ENTITY_FEATURE.NEXTVAL,1,158);
INSERT INTO ENTITY_FEATURE (ID,ENTITY_ID,FEATURE_ID) VALUES (SEQ_ENTITY_FEATURE.NEXTVAL,1,159);
INSERT INTO ENTITY_FEATURE (ID,ENTITY_ID,FEATURE_ID) VALUES (SEQ_ENTITY_FEATURE.NEXTVAL,1,160);
INSERT INTO ENTITY_FEATURE (ID,ENTITY_ID,FEATURE_ID) VALUES (SEQ_ENTITY_FEATURE.NEXTVAL,1,161);
INSERT INTO ENTITY_FEATURE (ID,ENTITY_ID,FEATURE_ID) VALUES (SEQ_ENTITY_FEATURE.NEXTVAL,1,162);
INSERT INTO ENTITY_FEATURE (ID,ENTITY_ID,FEATURE_ID) VALUES (SEQ_ENTITY_FEATURE.NEXTVAL,1,163);
INSERT INTO ENTITY_FEATURE (ID,ENTITY_ID,FEATURE_ID) VALUES (SEQ_ENTITY_FEATURE.NEXTVAL,1,164);
INSERT INTO ENTITY_FEATURE (ID,ENTITY_ID,FEATURE_ID) VALUES (SEQ_ENTITY_FEATURE.NEXTVAL,1,165);
INSERT INTO ENTITY_FEATURE (ID,ENTITY_ID,FEATURE_ID) VALUES (SEQ_ENTITY_FEATURE.NEXTVAL,1,166);
INSERT INTO ENTITY_FEATURE (ID,ENTITY_ID,FEATURE_ID) VALUES (SEQ_ENTITY_FEATURE.NEXTVAL,1,167);
INSERT INTO ENTITY_FEATURE (ID,ENTITY_ID,FEATURE_ID) VALUES (SEQ_ENTITY_FEATURE.NEXTVAL,1,168);
INSERT INTO ENTITY_FEATURE (ID,ENTITY_ID,FEATURE_ID) VALUES (SEQ_ENTITY_FEATURE.NEXTVAL,1,169);
INSERT INTO ENTITY_FEATURE (ID,ENTITY_ID,FEATURE_ID) VALUES (SEQ_ENTITY_FEATURE.NEXTVAL,1,170);
INSERT INTO ENTITY_FEATURE (ID,ENTITY_ID,FEATURE_ID) VALUES (SEQ_ENTITY_FEATURE.NEXTVAL,1,171);
INSERT INTO ENTITY_FEATURE (ID,ENTITY_ID,FEATURE_ID) VALUES (SEQ_ENTITY_FEATURE.NEXTVAL,1,172);
INSERT INTO ENTITY_FEATURE (ID,ENTITY_ID,FEATURE_ID) VALUES (SEQ_ENTITY_FEATURE.NEXTVAL,1,173);
INSERT INTO ENTITY_FEATURE (ID,ENTITY_ID,FEATURE_ID) VALUES (SEQ_ENTITY_FEATURE.NEXTVAL,1,174);
INSERT INTO ENTITY_FEATURE (ID,ENTITY_ID,FEATURE_ID) VALUES (SEQ_ENTITY_FEATURE.NEXTVAL,1,175);
INSERT INTO ENTITY_FEATURE (ID,ENTITY_ID,FEATURE_ID) VALUES (SEQ_ENTITY_FEATURE.NEXTVAL,1,176);
INSERT INTO ENTITY_FEATURE (ID,ENTITY_ID,FEATURE_ID) VALUES (SEQ_ENTITY_FEATURE.NEXTVAL,1,177);
INSERT INTO ENTITY_FEATURE (ID,ENTITY_ID,FEATURE_ID) VALUES (SEQ_ENTITY_FEATURE.NEXTVAL,1,178);
INSERT INTO ENTITY_FEATURE (ID,ENTITY_ID,FEATURE_ID) VALUES (SEQ_ENTITY_FEATURE.NEXTVAL,1,179);
INSERT INTO ENTITY_FEATURE (ID,ENTITY_ID,FEATURE_ID) VALUES (SEQ_ENTITY_FEATURE.NEXTVAL,1,180);
INSERT INTO ENTITY_FEATURE (ID,ENTITY_ID,FEATURE_ID) VALUES (SEQ_ENTITY_FEATURE.NEXTVAL,1,181);
INSERT INTO ENTITY_FEATURE (ID,ENTITY_ID,FEATURE_ID) VALUES (SEQ_ENTITY_FEATURE.NEXTVAL,1,182);
INSERT INTO ENTITY_FEATURE (ID,ENTITY_ID,FEATURE_ID) VALUES (SEQ_ENTITY_FEATURE.NEXTVAL,1,183);
INSERT INTO ENTITY_FEATURE (ID,ENTITY_ID,FEATURE_ID) VALUES (SEQ_ENTITY_FEATURE.NEXTVAL,1,184);
INSERT INTO ENTITY_FEATURE (ID,ENTITY_ID,FEATURE_ID) VALUES (SEQ_ENTITY_FEATURE.NEXTVAL,1,185);
INSERT INTO ENTITY_FEATURE (ID,ENTITY_ID,FEATURE_ID) VALUES (SEQ_ENTITY_FEATURE.NEXTVAL,1,186);
INSERT INTO ENTITY_FEATURE (ID,ENTITY_ID,FEATURE_ID) VALUES (SEQ_ENTITY_FEATURE.NEXTVAL,1,187);
INSERT INTO ENTITY_FEATURE (ID,ENTITY_ID,FEATURE_ID) VALUES (SEQ_ENTITY_FEATURE.NEXTVAL,1,188);
INSERT INTO ENTITY_FEATURE (ID,ENTITY_ID,FEATURE_ID) VALUES (SEQ_ENTITY_FEATURE.NEXTVAL,1,189);
INSERT INTO ENTITY_FEATURE (ID,ENTITY_ID,FEATURE_ID) VALUES (SEQ_ENTITY_FEATURE.NEXTVAL,1,190);
INSERT INTO ENTITY_FEATURE (ID,ENTITY_ID,FEATURE_ID) VALUES (SEQ_ENTITY_FEATURE.NEXTVAL,1,197);
INSERT INTO ENTITY_FEATURE (ID,ENTITY_ID,FEATURE_ID) VALUES (SEQ_ENTITY_FEATURE.NEXTVAL,1,201);
INSERT INTO ENTITY_FEATURE (ID,ENTITY_ID,FEATURE_ID) VALUES (SEQ_ENTITY_FEATURE.NEXTVAL,1,202);

INSERT INTO ENTITY_FEATURE (ID,ENTITY_ID,FEATURE_ID) VALUES (SEQ_ENTITY_FEATURE.NEXTVAL,1,208);
INSERT INTO ENTITY_FEATURE (ID,ENTITY_ID,FEATURE_ID) VALUES (SEQ_ENTITY_FEATURE.NEXTVAL,1,209);

-- Insert scripts for entity feature mapping for bank admin type
INSERT INTO ENTITY_FEATURE (ID,ENTITY_ID,FEATURE_ID) VALUES (SEQ_ENTITY_FEATURE.NEXTVAL,2,1);
INSERT INTO ENTITY_FEATURE (ID,ENTITY_ID,FEATURE_ID) VALUES (SEQ_ENTITY_FEATURE.NEXTVAL,2,2);
INSERT INTO ENTITY_FEATURE (ID,ENTITY_ID,FEATURE_ID) VALUES (SEQ_ENTITY_FEATURE.NEXTVAL,2,8);
INSERT INTO ENTITY_FEATURE (ID,ENTITY_ID,FEATURE_ID) VALUES (SEQ_ENTITY_FEATURE.NEXTVAL,2,33);
INSERT INTO ENTITY_FEATURE (ID,ENTITY_ID,FEATURE_ID) VALUES (SEQ_ENTITY_FEATURE.NEXTVAL,2,34);
INSERT INTO ENTITY_FEATURE (ID,ENTITY_ID,FEATURE_ID) VALUES (SEQ_ENTITY_FEATURE.NEXTVAL,2,35);
INSERT INTO ENTITY_FEATURE (ID,ENTITY_ID,FEATURE_ID) VALUES (SEQ_ENTITY_FEATURE.NEXTVAL,2,36);
INSERT INTO ENTITY_FEATURE (ID,ENTITY_ID,FEATURE_ID) VALUES (SEQ_ENTITY_FEATURE.NEXTVAL,2,37);
INSERT INTO ENTITY_FEATURE (ID,ENTITY_ID,FEATURE_ID) VALUES (SEQ_ENTITY_FEATURE.NEXTVAL,2,38);
INSERT INTO ENTITY_FEATURE (ID,ENTITY_ID,FEATURE_ID) VALUES (SEQ_ENTITY_FEATURE.NEXTVAL,2,146);
INSERT INTO ENTITY_FEATURE (ID,ENTITY_ID,FEATURE_ID) VALUES (SEQ_ENTITY_FEATURE.NEXTVAL,2,147);
INSERT INTO ENTITY_FEATURE (ID,ENTITY_ID,FEATURE_ID) VALUES (SEQ_ENTITY_FEATURE.NEXTVAL,2,148);
INSERT INTO ENTITY_FEATURE (ID,ENTITY_ID,FEATURE_ID) VALUES (SEQ_ENTITY_FEATURE.NEXTVAL,2,149);
INSERT INTO ENTITY_FEATURE (ID,ENTITY_ID,FEATURE_ID) VALUES (SEQ_ENTITY_FEATURE.NEXTVAL,2,150);
INSERT INTO ENTITY_FEATURE (ID,ENTITY_ID,FEATURE_ID) VALUES (SEQ_ENTITY_FEATURE.NEXTVAL,2,151);
INSERT INTO ENTITY_FEATURE (ID,ENTITY_ID,FEATURE_ID) VALUES (SEQ_ENTITY_FEATURE.NEXTVAL,2,152);
INSERT INTO ENTITY_FEATURE (ID,ENTITY_ID,FEATURE_ID) VALUES (SEQ_ENTITY_FEATURE.NEXTVAL,2,153);
INSERT INTO ENTITY_FEATURE (ID,ENTITY_ID,FEATURE_ID) VALUES (SEQ_ENTITY_FEATURE.NEXTVAL,2,154);
INSERT INTO ENTITY_FEATURE (ID,ENTITY_ID,FEATURE_ID) VALUES (SEQ_ENTITY_FEATURE.NEXTVAL,2,155);
INSERT INTO ENTITY_FEATURE (ID,ENTITY_ID,FEATURE_ID) VALUES (SEQ_ENTITY_FEATURE.NEXTVAL,2,156);
INSERT INTO ENTITY_FEATURE (ID,ENTITY_ID,FEATURE_ID) VALUES (SEQ_ENTITY_FEATURE.NEXTVAL,2,157);
INSERT INTO ENTITY_FEATURE (ID,ENTITY_ID,FEATURE_ID) VALUES (SEQ_ENTITY_FEATURE.NEXTVAL,2,158);
INSERT INTO ENTITY_FEATURE (ID,ENTITY_ID,FEATURE_ID) VALUES (SEQ_ENTITY_FEATURE.NEXTVAL,2,159);
INSERT INTO ENTITY_FEATURE (ID,ENTITY_ID,FEATURE_ID) VALUES (SEQ_ENTITY_FEATURE.NEXTVAL,2,160);
INSERT INTO ENTITY_FEATURE (ID,ENTITY_ID,FEATURE_ID) VALUES (SEQ_ENTITY_FEATURE.NEXTVAL,2,161);
INSERT INTO ENTITY_FEATURE (ID,ENTITY_ID,FEATURE_ID) VALUES (SEQ_ENTITY_FEATURE.NEXTVAL,2,162);
INSERT INTO ENTITY_FEATURE (ID,ENTITY_ID,FEATURE_ID) VALUES (SEQ_ENTITY_FEATURE.NEXTVAL,2,168);
INSERT INTO ENTITY_FEATURE (ID,ENTITY_ID,FEATURE_ID) VALUES (SEQ_ENTITY_FEATURE.NEXTVAL,2,169);
INSERT INTO ENTITY_FEATURE (ID,ENTITY_ID,FEATURE_ID) VALUES (SEQ_ENTITY_FEATURE.NEXTVAL,2,171);
INSERT INTO ENTITY_FEATURE (ID,ENTITY_ID,FEATURE_ID) VALUES (SEQ_ENTITY_FEATURE.NEXTVAL,2,172);
INSERT INTO ENTITY_FEATURE (ID,ENTITY_ID,FEATURE_ID) VALUES (SEQ_ENTITY_FEATURE.NEXTVAL,2,175);
INSERT INTO ENTITY_FEATURE (ID,ENTITY_ID,FEATURE_ID) VALUES (SEQ_ENTITY_FEATURE.NEXTVAL,2,177);
INSERT INTO ENTITY_FEATURE (ID,ENTITY_ID,FEATURE_ID) VALUES (SEQ_ENTITY_FEATURE.NEXTVAL,2,197);
INSERT INTO ENTITY_FEATURE (ID,ENTITY_ID,FEATURE_ID) VALUES (SEQ_ENTITY_FEATURE.NEXTVAL,2,202);


-- Insert scripts for entity feature mapping for Program manager type
INSERT INTO ENTITY_FEATURE (ID,ENTITY_ID,FEATURE_ID) VALUES (SEQ_ENTITY_FEATURE.NEXTVAL,3,1);
INSERT INTO ENTITY_FEATURE (ID,ENTITY_ID,FEATURE_ID) VALUES (SEQ_ENTITY_FEATURE.NEXTVAL,3,2);
INSERT INTO ENTITY_FEATURE (ID,ENTITY_ID,FEATURE_ID) VALUES (SEQ_ENTITY_FEATURE.NEXTVAL,3,3);
INSERT INTO ENTITY_FEATURE (ID,ENTITY_ID,FEATURE_ID) VALUES (SEQ_ENTITY_FEATURE.NEXTVAL,3,4);
INSERT INTO ENTITY_FEATURE (ID,ENTITY_ID,FEATURE_ID) VALUES (SEQ_ENTITY_FEATURE.NEXTVAL,3,5);
INSERT INTO ENTITY_FEATURE (ID,ENTITY_ID,FEATURE_ID) VALUES (SEQ_ENTITY_FEATURE.NEXTVAL,3,6);
INSERT INTO ENTITY_FEATURE (ID,ENTITY_ID,FEATURE_ID) VALUES (SEQ_ENTITY_FEATURE.NEXTVAL,3,7);
INSERT INTO ENTITY_FEATURE (ID,ENTITY_ID,FEATURE_ID) VALUES (SEQ_ENTITY_FEATURE.NEXTVAL,3,8);
INSERT INTO ENTITY_FEATURE (ID,ENTITY_ID,FEATURE_ID) VALUES (SEQ_ENTITY_FEATURE.NEXTVAL,3,27);
INSERT INTO ENTITY_FEATURE (ID,ENTITY_ID,FEATURE_ID) VALUES (SEQ_ENTITY_FEATURE.NEXTVAL,3,28);
INSERT INTO ENTITY_FEATURE (ID,ENTITY_ID,FEATURE_ID) VALUES (SEQ_ENTITY_FEATURE.NEXTVAL,3,29);
INSERT INTO ENTITY_FEATURE (ID,ENTITY_ID,FEATURE_ID) VALUES (SEQ_ENTITY_FEATURE.NEXTVAL,3,30);
INSERT INTO ENTITY_FEATURE (ID,ENTITY_ID,FEATURE_ID) VALUES (SEQ_ENTITY_FEATURE.NEXTVAL,3,31);
INSERT INTO ENTITY_FEATURE (ID,ENTITY_ID,FEATURE_ID) VALUES (SEQ_ENTITY_FEATURE.NEXTVAL,3,32);
INSERT INTO ENTITY_FEATURE (ID,ENTITY_ID,FEATURE_ID) VALUES (SEQ_ENTITY_FEATURE.NEXTVAL,3,33);
INSERT INTO ENTITY_FEATURE (ID,ENTITY_ID,FEATURE_ID) VALUES (SEQ_ENTITY_FEATURE.NEXTVAL,3,34);
INSERT INTO ENTITY_FEATURE (ID,ENTITY_ID,FEATURE_ID) VALUES (SEQ_ENTITY_FEATURE.NEXTVAL,3,35);
INSERT INTO ENTITY_FEATURE (ID,ENTITY_ID,FEATURE_ID) VALUES (SEQ_ENTITY_FEATURE.NEXTVAL,3,36);
INSERT INTO ENTITY_FEATURE (ID,ENTITY_ID,FEATURE_ID) VALUES (SEQ_ENTITY_FEATURE.NEXTVAL,3,37);
INSERT INTO ENTITY_FEATURE (ID,ENTITY_ID,FEATURE_ID) VALUES (SEQ_ENTITY_FEATURE.NEXTVAL,3,38);
INSERT INTO ENTITY_FEATURE (ID,ENTITY_ID,FEATURE_ID) VALUES (SEQ_ENTITY_FEATURE.NEXTVAL,3,39);
INSERT INTO ENTITY_FEATURE (ID,ENTITY_ID,FEATURE_ID) VALUES (SEQ_ENTITY_FEATURE.NEXTVAL,3,40);
INSERT INTO ENTITY_FEATURE (ID,ENTITY_ID,FEATURE_ID) VALUES (SEQ_ENTITY_FEATURE.NEXTVAL,3,41);
INSERT INTO ENTITY_FEATURE (ID,ENTITY_ID,FEATURE_ID) VALUES (SEQ_ENTITY_FEATURE.NEXTVAL,3,42);
INSERT INTO ENTITY_FEATURE (ID,ENTITY_ID,FEATURE_ID) VALUES (SEQ_ENTITY_FEATURE.NEXTVAL,3,43);
INSERT INTO ENTITY_FEATURE (ID,ENTITY_ID,FEATURE_ID) VALUES (SEQ_ENTITY_FEATURE.NEXTVAL,3,44);
INSERT INTO ENTITY_FEATURE (ID,ENTITY_ID,FEATURE_ID) VALUES (SEQ_ENTITY_FEATURE.NEXTVAL,3,46);
INSERT INTO ENTITY_FEATURE (ID,ENTITY_ID,FEATURE_ID) VALUES (SEQ_ENTITY_FEATURE.NEXTVAL,3,47);
INSERT INTO ENTITY_FEATURE (ID,ENTITY_ID,FEATURE_ID) VALUES (SEQ_ENTITY_FEATURE.NEXTVAL,3,48);
INSERT INTO ENTITY_FEATURE (ID,ENTITY_ID,FEATURE_ID) VALUES (SEQ_ENTITY_FEATURE.NEXTVAL,3,49);
INSERT INTO ENTITY_FEATURE (ID,ENTITY_ID,FEATURE_ID) VALUES (SEQ_ENTITY_FEATURE.NEXTVAL,3,50);
INSERT INTO ENTITY_FEATURE (ID,ENTITY_ID,FEATURE_ID) VALUES (SEQ_ENTITY_FEATURE.NEXTVAL,3,51);
INSERT INTO ENTITY_FEATURE (ID,ENTITY_ID,FEATURE_ID) VALUES (SEQ_ENTITY_FEATURE.NEXTVAL,3,52);
INSERT INTO ENTITY_FEATURE (ID,ENTITY_ID,FEATURE_ID) VALUES (SEQ_ENTITY_FEATURE.NEXTVAL,3,53);
INSERT INTO ENTITY_FEATURE (ID,ENTITY_ID,FEATURE_ID) VALUES (SEQ_ENTITY_FEATURE.NEXTVAL,3,54);
INSERT INTO ENTITY_FEATURE (ID,ENTITY_ID,FEATURE_ID) VALUES (SEQ_ENTITY_FEATURE.NEXTVAL,3,55);
INSERT INTO ENTITY_FEATURE (ID,ENTITY_ID,FEATURE_ID) VALUES (SEQ_ENTITY_FEATURE.NEXTVAL,3,56);
INSERT INTO ENTITY_FEATURE (ID,ENTITY_ID,FEATURE_ID) VALUES (SEQ_ENTITY_FEATURE.NEXTVAL,3,57);
INSERT INTO ENTITY_FEATURE (ID,ENTITY_ID,FEATURE_ID) VALUES (SEQ_ENTITY_FEATURE.NEXTVAL,3,58);
INSERT INTO ENTITY_FEATURE (ID,ENTITY_ID,FEATURE_ID) VALUES (SEQ_ENTITY_FEATURE.NEXTVAL,3,59);
INSERT INTO ENTITY_FEATURE (ID,ENTITY_ID,FEATURE_ID) VALUES (SEQ_ENTITY_FEATURE.NEXTVAL,3,60);
INSERT INTO ENTITY_FEATURE (ID,ENTITY_ID,FEATURE_ID) VALUES (SEQ_ENTITY_FEATURE.NEXTVAL,3,61);
INSERT INTO ENTITY_FEATURE (ID,ENTITY_ID,FEATURE_ID) VALUES (SEQ_ENTITY_FEATURE.NEXTVAL,3,62);
INSERT INTO ENTITY_FEATURE (ID,ENTITY_ID,FEATURE_ID) VALUES (SEQ_ENTITY_FEATURE.NEXTVAL,3,63);
INSERT INTO ENTITY_FEATURE (ID,ENTITY_ID,FEATURE_ID) VALUES (SEQ_ENTITY_FEATURE.NEXTVAL,3,64);
INSERT INTO ENTITY_FEATURE (ID,ENTITY_ID,FEATURE_ID) VALUES (SEQ_ENTITY_FEATURE.NEXTVAL,3,65);
INSERT INTO ENTITY_FEATURE (ID,ENTITY_ID,FEATURE_ID) VALUES (SEQ_ENTITY_FEATURE.NEXTVAL,3,66);
INSERT INTO ENTITY_FEATURE (ID,ENTITY_ID,FEATURE_ID) VALUES (SEQ_ENTITY_FEATURE.NEXTVAL,3,67);
INSERT INTO ENTITY_FEATURE (ID,ENTITY_ID,FEATURE_ID) VALUES (SEQ_ENTITY_FEATURE.NEXTVAL,3,68);
INSERT INTO ENTITY_FEATURE (ID,ENTITY_ID,FEATURE_ID) VALUES (SEQ_ENTITY_FEATURE.NEXTVAL,3,69);
INSERT INTO ENTITY_FEATURE (ID,ENTITY_ID,FEATURE_ID) VALUES (SEQ_ENTITY_FEATURE.NEXTVAL,3,70);
INSERT INTO ENTITY_FEATURE (ID,ENTITY_ID,FEATURE_ID) VALUES (SEQ_ENTITY_FEATURE.NEXTVAL,3,71);
INSERT INTO ENTITY_FEATURE (ID,ENTITY_ID,FEATURE_ID) VALUES (SEQ_ENTITY_FEATURE.NEXTVAL,3,72);
INSERT INTO ENTITY_FEATURE (ID,ENTITY_ID,FEATURE_ID) VALUES (SEQ_ENTITY_FEATURE.NEXTVAL,3,73);
INSERT INTO ENTITY_FEATURE (ID,ENTITY_ID,FEATURE_ID) VALUES (SEQ_ENTITY_FEATURE.NEXTVAL,3,74);
INSERT INTO ENTITY_FEATURE (ID,ENTITY_ID,FEATURE_ID) VALUES (SEQ_ENTITY_FEATURE.NEXTVAL,3,75);
INSERT INTO ENTITY_FEATURE (ID,ENTITY_ID,FEATURE_ID) VALUES (SEQ_ENTITY_FEATURE.NEXTVAL,3,76);
INSERT INTO ENTITY_FEATURE (ID,ENTITY_ID,FEATURE_ID) VALUES (SEQ_ENTITY_FEATURE.NEXTVAL,3,77);
INSERT INTO ENTITY_FEATURE (ID,ENTITY_ID,FEATURE_ID) VALUES (SEQ_ENTITY_FEATURE.NEXTVAL,3,78);
INSERT INTO ENTITY_FEATURE (ID,ENTITY_ID,FEATURE_ID) VALUES (SEQ_ENTITY_FEATURE.NEXTVAL,3,79);
INSERT INTO ENTITY_FEATURE (ID,ENTITY_ID,FEATURE_ID) VALUES (SEQ_ENTITY_FEATURE.NEXTVAL,3,80);
INSERT INTO ENTITY_FEATURE (ID,ENTITY_ID,FEATURE_ID) VALUES (SEQ_ENTITY_FEATURE.NEXTVAL,3,81);
INSERT INTO ENTITY_FEATURE (ID,ENTITY_ID,FEATURE_ID) VALUES (SEQ_ENTITY_FEATURE.NEXTVAL,3,82);
INSERT INTO ENTITY_FEATURE (ID,ENTITY_ID,FEATURE_ID) VALUES (SEQ_ENTITY_FEATURE.NEXTVAL,3,83);
INSERT INTO ENTITY_FEATURE (ID,ENTITY_ID,FEATURE_ID) VALUES (SEQ_ENTITY_FEATURE.NEXTVAL,3,84);
INSERT INTO ENTITY_FEATURE (ID,ENTITY_ID,FEATURE_ID) VALUES (SEQ_ENTITY_FEATURE.NEXTVAL,3,85);
INSERT INTO ENTITY_FEATURE (ID,ENTITY_ID,FEATURE_ID) VALUES (SEQ_ENTITY_FEATURE.NEXTVAL,3,86);
INSERT INTO ENTITY_FEATURE (ID,ENTITY_ID,FEATURE_ID) VALUES (SEQ_ENTITY_FEATURE.NEXTVAL,3,87);
INSERT INTO ENTITY_FEATURE (ID,ENTITY_ID,FEATURE_ID) VALUES (SEQ_ENTITY_FEATURE.NEXTVAL,3,88);
INSERT INTO ENTITY_FEATURE (ID,ENTITY_ID,FEATURE_ID) VALUES (SEQ_ENTITY_FEATURE.NEXTVAL,3,89);
INSERT INTO ENTITY_FEATURE (ID,ENTITY_ID,FEATURE_ID) VALUES (SEQ_ENTITY_FEATURE.NEXTVAL,3,90);
INSERT INTO ENTITY_FEATURE (ID,ENTITY_ID,FEATURE_ID) VALUES (SEQ_ENTITY_FEATURE.NEXTVAL,3,91);
INSERT INTO ENTITY_FEATURE (ID,ENTITY_ID,FEATURE_ID) VALUES (SEQ_ENTITY_FEATURE.NEXTVAL,3,92);
INSERT INTO ENTITY_FEATURE (ID,ENTITY_ID,FEATURE_ID) VALUES (SEQ_ENTITY_FEATURE.NEXTVAL,3,93);
INSERT INTO ENTITY_FEATURE (ID,ENTITY_ID,FEATURE_ID) VALUES (SEQ_ENTITY_FEATURE.NEXTVAL,3,94);
INSERT INTO ENTITY_FEATURE (ID,ENTITY_ID,FEATURE_ID) VALUES (SEQ_ENTITY_FEATURE.NEXTVAL,3,95);
INSERT INTO ENTITY_FEATURE (ID,ENTITY_ID,FEATURE_ID) VALUES (SEQ_ENTITY_FEATURE.NEXTVAL,3,96);
INSERT INTO ENTITY_FEATURE (ID,ENTITY_ID,FEATURE_ID) VALUES (SEQ_ENTITY_FEATURE.NEXTVAL,3,97);
INSERT INTO ENTITY_FEATURE (ID,ENTITY_ID,FEATURE_ID) VALUES (SEQ_ENTITY_FEATURE.NEXTVAL,3,98);
INSERT INTO ENTITY_FEATURE (ID,ENTITY_ID,FEATURE_ID) VALUES (SEQ_ENTITY_FEATURE.NEXTVAL,3,99);
INSERT INTO ENTITY_FEATURE (ID,ENTITY_ID,FEATURE_ID) VALUES (SEQ_ENTITY_FEATURE.NEXTVAL,3,100);
INSERT INTO ENTITY_FEATURE (ID,ENTITY_ID,FEATURE_ID) VALUES (SEQ_ENTITY_FEATURE.NEXTVAL,3,101);
INSERT INTO ENTITY_FEATURE (ID,ENTITY_ID,FEATURE_ID) VALUES (SEQ_ENTITY_FEATURE.NEXTVAL,3,102);
INSERT INTO ENTITY_FEATURE (ID,ENTITY_ID,FEATURE_ID) VALUES (SEQ_ENTITY_FEATURE.NEXTVAL,3,103);
INSERT INTO ENTITY_FEATURE (ID,ENTITY_ID,FEATURE_ID) VALUES (SEQ_ENTITY_FEATURE.NEXTVAL,3,104);
INSERT INTO ENTITY_FEATURE (ID,ENTITY_ID,FEATURE_ID) VALUES (SEQ_ENTITY_FEATURE.NEXTVAL,3,105);
INSERT INTO ENTITY_FEATURE (ID,ENTITY_ID,FEATURE_ID) VALUES (SEQ_ENTITY_FEATURE.NEXTVAL,3,106);
INSERT INTO ENTITY_FEATURE (ID,ENTITY_ID,FEATURE_ID) VALUES (SEQ_ENTITY_FEATURE.NEXTVAL,3,107);
INSERT INTO ENTITY_FEATURE (ID,ENTITY_ID,FEATURE_ID) VALUES (SEQ_ENTITY_FEATURE.NEXTVAL,3,108);
INSERT INTO ENTITY_FEATURE (ID,ENTITY_ID,FEATURE_ID) VALUES (SEQ_ENTITY_FEATURE.NEXTVAL,3,109);
INSERT INTO ENTITY_FEATURE (ID,ENTITY_ID,FEATURE_ID) VALUES (SEQ_ENTITY_FEATURE.NEXTVAL,3,110);
INSERT INTO ENTITY_FEATURE (ID,ENTITY_ID,FEATURE_ID) VALUES (SEQ_ENTITY_FEATURE.NEXTVAL,3,111);
INSERT INTO ENTITY_FEATURE (ID,ENTITY_ID,FEATURE_ID) VALUES (SEQ_ENTITY_FEATURE.NEXTVAL,3,112);
INSERT INTO ENTITY_FEATURE (ID,ENTITY_ID,FEATURE_ID) VALUES (SEQ_ENTITY_FEATURE.NEXTVAL,3,113);
INSERT INTO ENTITY_FEATURE (ID,ENTITY_ID,FEATURE_ID) VALUES (SEQ_ENTITY_FEATURE.NEXTVAL,3,114);
INSERT INTO ENTITY_FEATURE (ID,ENTITY_ID,FEATURE_ID) VALUES (SEQ_ENTITY_FEATURE.NEXTVAL,3,115);
INSERT INTO ENTITY_FEATURE (ID,ENTITY_ID,FEATURE_ID) VALUES (SEQ_ENTITY_FEATURE.NEXTVAL,3,116);
INSERT INTO ENTITY_FEATURE (ID,ENTITY_ID,FEATURE_ID) VALUES (SEQ_ENTITY_FEATURE.NEXTVAL,3,117);
INSERT INTO ENTITY_FEATURE (ID,ENTITY_ID,FEATURE_ID) VALUES (SEQ_ENTITY_FEATURE.NEXTVAL,3,118);
INSERT INTO ENTITY_FEATURE (ID,ENTITY_ID,FEATURE_ID) VALUES (SEQ_ENTITY_FEATURE.NEXTVAL,3,119);
INSERT INTO ENTITY_FEATURE (ID,ENTITY_ID,FEATURE_ID) VALUES (SEQ_ENTITY_FEATURE.NEXTVAL,3,120);
INSERT INTO ENTITY_FEATURE (ID,ENTITY_ID,FEATURE_ID) VALUES (SEQ_ENTITY_FEATURE.NEXTVAL,3,121);
INSERT INTO ENTITY_FEATURE (ID,ENTITY_ID,FEATURE_ID) VALUES (SEQ_ENTITY_FEATURE.NEXTVAL,3,122);
INSERT INTO ENTITY_FEATURE (ID,ENTITY_ID,FEATURE_ID) VALUES (SEQ_ENTITY_FEATURE.NEXTVAL,3,123);
INSERT INTO ENTITY_FEATURE (ID,ENTITY_ID,FEATURE_ID) VALUES (SEQ_ENTITY_FEATURE.NEXTVAL,3,124);
INSERT INTO ENTITY_FEATURE (ID,ENTITY_ID,FEATURE_ID) VALUES (SEQ_ENTITY_FEATURE.NEXTVAL,3,125);
INSERT INTO ENTITY_FEATURE (ID,ENTITY_ID,FEATURE_ID) VALUES (SEQ_ENTITY_FEATURE.NEXTVAL,3,126);
INSERT INTO ENTITY_FEATURE (ID,ENTITY_ID,FEATURE_ID) VALUES (SEQ_ENTITY_FEATURE.NEXTVAL,3,127);
INSERT INTO ENTITY_FEATURE (ID,ENTITY_ID,FEATURE_ID) VALUES (SEQ_ENTITY_FEATURE.NEXTVAL,3,128);
INSERT INTO ENTITY_FEATURE (ID,ENTITY_ID,FEATURE_ID) VALUES (SEQ_ENTITY_FEATURE.NEXTVAL,3,129);
INSERT INTO ENTITY_FEATURE (ID,ENTITY_ID,FEATURE_ID) VALUES (SEQ_ENTITY_FEATURE.NEXTVAL,3,130);
INSERT INTO ENTITY_FEATURE (ID,ENTITY_ID,FEATURE_ID) VALUES (SEQ_ENTITY_FEATURE.NEXTVAL,3,131);
INSERT INTO ENTITY_FEATURE (ID,ENTITY_ID,FEATURE_ID) VALUES (SEQ_ENTITY_FEATURE.NEXTVAL,3,132);
INSERT INTO ENTITY_FEATURE (ID,ENTITY_ID,FEATURE_ID) VALUES (SEQ_ENTITY_FEATURE.NEXTVAL,3,133);
INSERT INTO ENTITY_FEATURE (ID,ENTITY_ID,FEATURE_ID) VALUES (SEQ_ENTITY_FEATURE.NEXTVAL,3,134);
INSERT INTO ENTITY_FEATURE (ID,ENTITY_ID,FEATURE_ID) VALUES (SEQ_ENTITY_FEATURE.NEXTVAL,3,135);
INSERT INTO ENTITY_FEATURE (ID,ENTITY_ID,FEATURE_ID) VALUES (SEQ_ENTITY_FEATURE.NEXTVAL,3,136);
INSERT INTO ENTITY_FEATURE (ID,ENTITY_ID,FEATURE_ID) VALUES (SEQ_ENTITY_FEATURE.NEXTVAL,3,137);
INSERT INTO ENTITY_FEATURE (ID,ENTITY_ID,FEATURE_ID) VALUES (SEQ_ENTITY_FEATURE.NEXTVAL,3,138);
INSERT INTO ENTITY_FEATURE (ID,ENTITY_ID,FEATURE_ID) VALUES (SEQ_ENTITY_FEATURE.NEXTVAL,3,139);
INSERT INTO ENTITY_FEATURE (ID,ENTITY_ID,FEATURE_ID) VALUES (SEQ_ENTITY_FEATURE.NEXTVAL,3,140);
INSERT INTO ENTITY_FEATURE (ID,ENTITY_ID,FEATURE_ID) VALUES (SEQ_ENTITY_FEATURE.NEXTVAL,3,141);
INSERT INTO ENTITY_FEATURE (ID,ENTITY_ID,FEATURE_ID) VALUES (SEQ_ENTITY_FEATURE.NEXTVAL,3,142);
INSERT INTO ENTITY_FEATURE (ID,ENTITY_ID,FEATURE_ID) VALUES (SEQ_ENTITY_FEATURE.NEXTVAL,3,143);
INSERT INTO ENTITY_FEATURE (ID,ENTITY_ID,FEATURE_ID) VALUES (SEQ_ENTITY_FEATURE.NEXTVAL,3,144);
INSERT INTO ENTITY_FEATURE (ID,ENTITY_ID,FEATURE_ID) VALUES (SEQ_ENTITY_FEATURE.NEXTVAL,3,146);
INSERT INTO ENTITY_FEATURE (ID,ENTITY_ID,FEATURE_ID) VALUES (SEQ_ENTITY_FEATURE.NEXTVAL,3,147);
INSERT INTO ENTITY_FEATURE (ID,ENTITY_ID,FEATURE_ID) VALUES (SEQ_ENTITY_FEATURE.NEXTVAL,3,148);
INSERT INTO ENTITY_FEATURE (ID,ENTITY_ID,FEATURE_ID) VALUES (SEQ_ENTITY_FEATURE.NEXTVAL,3,149);
INSERT INTO ENTITY_FEATURE (ID,ENTITY_ID,FEATURE_ID) VALUES (SEQ_ENTITY_FEATURE.NEXTVAL,3,150);
INSERT INTO ENTITY_FEATURE (ID,ENTITY_ID,FEATURE_ID) VALUES (SEQ_ENTITY_FEATURE.NEXTVAL,3,151);
INSERT INTO ENTITY_FEATURE (ID,ENTITY_ID,FEATURE_ID) VALUES (SEQ_ENTITY_FEATURE.NEXTVAL,3,152);
INSERT INTO ENTITY_FEATURE (ID,ENTITY_ID,FEATURE_ID) VALUES (SEQ_ENTITY_FEATURE.NEXTVAL,3,153);
INSERT INTO ENTITY_FEATURE (ID,ENTITY_ID,FEATURE_ID) VALUES (SEQ_ENTITY_FEATURE.NEXTVAL,3,154);
INSERT INTO ENTITY_FEATURE (ID,ENTITY_ID,FEATURE_ID) VALUES (SEQ_ENTITY_FEATURE.NEXTVAL,3,155);
INSERT INTO ENTITY_FEATURE (ID,ENTITY_ID,FEATURE_ID) VALUES (SEQ_ENTITY_FEATURE.NEXTVAL,3,156);
INSERT INTO ENTITY_FEATURE (ID,ENTITY_ID,FEATURE_ID) VALUES (SEQ_ENTITY_FEATURE.NEXTVAL,3,157);
INSERT INTO ENTITY_FEATURE (ID,ENTITY_ID,FEATURE_ID) VALUES (SEQ_ENTITY_FEATURE.NEXTVAL,3,158);
INSERT INTO ENTITY_FEATURE (ID,ENTITY_ID,FEATURE_ID) VALUES (SEQ_ENTITY_FEATURE.NEXTVAL,3,159);
INSERT INTO ENTITY_FEATURE (ID,ENTITY_ID,FEATURE_ID) VALUES (SEQ_ENTITY_FEATURE.NEXTVAL,3,160);
INSERT INTO ENTITY_FEATURE (ID,ENTITY_ID,FEATURE_ID) VALUES (SEQ_ENTITY_FEATURE.NEXTVAL,3,161);
INSERT INTO ENTITY_FEATURE (ID,ENTITY_ID,FEATURE_ID) VALUES (SEQ_ENTITY_FEATURE.NEXTVAL,3,162);
INSERT INTO ENTITY_FEATURE (ID,ENTITY_ID,FEATURE_ID) VALUES (SEQ_ENTITY_FEATURE.NEXTVAL,3,164);
INSERT INTO ENTITY_FEATURE (ID,ENTITY_ID,FEATURE_ID) VALUES (SEQ_ENTITY_FEATURE.NEXTVAL,3,165);
INSERT INTO ENTITY_FEATURE (ID,ENTITY_ID,FEATURE_ID) VALUES (SEQ_ENTITY_FEATURE.NEXTVAL,3,168);
INSERT INTO ENTITY_FEATURE (ID,ENTITY_ID,FEATURE_ID) VALUES (SEQ_ENTITY_FEATURE.NEXTVAL,3,169);
INSERT INTO ENTITY_FEATURE (ID,ENTITY_ID,FEATURE_ID) VALUES (SEQ_ENTITY_FEATURE.NEXTVAL,3,170);
INSERT INTO ENTITY_FEATURE (ID,ENTITY_ID,FEATURE_ID) VALUES (SEQ_ENTITY_FEATURE.NEXTVAL,3,171);
INSERT INTO ENTITY_FEATURE (ID,ENTITY_ID,FEATURE_ID) VALUES (SEQ_ENTITY_FEATURE.NEXTVAL,3,172);
INSERT INTO ENTITY_FEATURE (ID,ENTITY_ID,FEATURE_ID) VALUES (SEQ_ENTITY_FEATURE.NEXTVAL,3,175);
INSERT INTO ENTITY_FEATURE (ID,ENTITY_ID,FEATURE_ID) VALUES (SEQ_ENTITY_FEATURE.NEXTVAL,3,177);
INSERT INTO ENTITY_FEATURE (ID,ENTITY_ID,FEATURE_ID) VALUES (SEQ_ENTITY_FEATURE.NEXTVAL,3,184);
INSERT INTO ENTITY_FEATURE (ID,ENTITY_ID,FEATURE_ID) VALUES (SEQ_ENTITY_FEATURE.NEXTVAL,3,185);
INSERT INTO ENTITY_FEATURE (ID,ENTITY_ID,FEATURE_ID) VALUES (SEQ_ENTITY_FEATURE.NEXTVAL,3,186);
INSERT INTO ENTITY_FEATURE (ID,ENTITY_ID,FEATURE_ID) VALUES (SEQ_ENTITY_FEATURE.NEXTVAL,3,187);
INSERT INTO ENTITY_FEATURE (ID,ENTITY_ID,FEATURE_ID) VALUES (SEQ_ENTITY_FEATURE.NEXTVAL,3,188);
INSERT INTO ENTITY_FEATURE (ID,ENTITY_ID,FEATURE_ID) VALUES (SEQ_ENTITY_FEATURE.NEXTVAL,3,189);
INSERT INTO ENTITY_FEATURE (ID,ENTITY_ID,FEATURE_ID) VALUES (SEQ_ENTITY_FEATURE.NEXTVAL,3,197);
INSERT INTO ENTITY_FEATURE (ID,ENTITY_ID,FEATURE_ID) VALUES (SEQ_ENTITY_FEATURE.NEXTVAL,3,201);
INSERT INTO ENTITY_FEATURE (ID,ENTITY_ID,FEATURE_ID) VALUES (SEQ_ENTITY_FEATURE.NEXTVAL,3,202);

INSERT INTO ENTITY_FEATURE (ID,ENTITY_ID,FEATURE_ID) VALUES (SEQ_ENTITY_FEATURE.NEXTVAL,3,208);
INSERT INTO ENTITY_FEATURE (ID,ENTITY_ID,FEATURE_ID) VALUES (SEQ_ENTITY_FEATURE.NEXTVAL,3,209);

-- Insert scripts for entity feature mapping for Sales person type
INSERT INTO ENTITY_FEATURE (ID,ENTITY_ID,FEATURE_ID) VALUES (SEQ_ENTITY_FEATURE.NEXTVAL,4,1);
INSERT INTO ENTITY_FEATURE (ID,ENTITY_ID,FEATURE_ID) VALUES (SEQ_ENTITY_FEATURE.NEXTVAL,4,2);
INSERT INTO ENTITY_FEATURE (ID,ENTITY_ID,FEATURE_ID) VALUES (SEQ_ENTITY_FEATURE.NEXTVAL,4,8);
INSERT INTO ENTITY_FEATURE (ID,ENTITY_ID,FEATURE_ID) VALUES (SEQ_ENTITY_FEATURE.NEXTVAL,4,46);
INSERT INTO ENTITY_FEATURE (ID,ENTITY_ID,FEATURE_ID) VALUES (SEQ_ENTITY_FEATURE.NEXTVAL,4,47);
INSERT INTO ENTITY_FEATURE (ID,ENTITY_ID,FEATURE_ID) VALUES (SEQ_ENTITY_FEATURE.NEXTVAL,4,48);
INSERT INTO ENTITY_FEATURE (ID,ENTITY_ID,FEATURE_ID) VALUES (SEQ_ENTITY_FEATURE.NEXTVAL,4,49);
INSERT INTO ENTITY_FEATURE (ID,ENTITY_ID,FEATURE_ID) VALUES (SEQ_ENTITY_FEATURE.NEXTVAL,4,50);
INSERT INTO ENTITY_FEATURE (ID,ENTITY_ID,FEATURE_ID) VALUES (SEQ_ENTITY_FEATURE.NEXTVAL,4,51);
INSERT INTO ENTITY_FEATURE (ID,ENTITY_ID,FEATURE_ID) VALUES (SEQ_ENTITY_FEATURE.NEXTVAL,4,52);
INSERT INTO ENTITY_FEATURE (ID,ENTITY_ID,FEATURE_ID) VALUES (SEQ_ENTITY_FEATURE.NEXTVAL,4,53);
INSERT INTO ENTITY_FEATURE (ID,ENTITY_ID,FEATURE_ID) VALUES (SEQ_ENTITY_FEATURE.NEXTVAL,4,54);
INSERT INTO ENTITY_FEATURE (ID,ENTITY_ID,FEATURE_ID) VALUES (SEQ_ENTITY_FEATURE.NEXTVAL,4,55);
INSERT INTO ENTITY_FEATURE (ID,ENTITY_ID,FEATURE_ID) VALUES (SEQ_ENTITY_FEATURE.NEXTVAL,4,56);
INSERT INTO ENTITY_FEATURE (ID,ENTITY_ID,FEATURE_ID) VALUES (SEQ_ENTITY_FEATURE.NEXTVAL,4,57);
INSERT INTO ENTITY_FEATURE (ID,ENTITY_ID,FEATURE_ID) VALUES (SEQ_ENTITY_FEATURE.NEXTVAL,4,77);
INSERT INTO ENTITY_FEATURE (ID,ENTITY_ID,FEATURE_ID) VALUES (SEQ_ENTITY_FEATURE.NEXTVAL,4,84);
INSERT INTO ENTITY_FEATURE (ID,ENTITY_ID,FEATURE_ID) VALUES (SEQ_ENTITY_FEATURE.NEXTVAL,4,85);
INSERT INTO ENTITY_FEATURE (ID,ENTITY_ID,FEATURE_ID) VALUES (SEQ_ENTITY_FEATURE.NEXTVAL,4,86);
INSERT INTO ENTITY_FEATURE (ID,ENTITY_ID,FEATURE_ID) VALUES (SEQ_ENTITY_FEATURE.NEXTVAL,4,87);
INSERT INTO ENTITY_FEATURE (ID,ENTITY_ID,FEATURE_ID) VALUES (SEQ_ENTITY_FEATURE.NEXTVAL,4,88);
INSERT INTO ENTITY_FEATURE (ID,ENTITY_ID,FEATURE_ID) VALUES (SEQ_ENTITY_FEATURE.NEXTVAL,4,89);
INSERT INTO ENTITY_FEATURE (ID,ENTITY_ID,FEATURE_ID) VALUES (SEQ_ENTITY_FEATURE.NEXTVAL,4,90);
INSERT INTO ENTITY_FEATURE (ID,ENTITY_ID,FEATURE_ID) VALUES (SEQ_ENTITY_FEATURE.NEXTVAL,4,91);
INSERT INTO ENTITY_FEATURE (ID,ENTITY_ID,FEATURE_ID) VALUES (SEQ_ENTITY_FEATURE.NEXTVAL,4,92);
INSERT INTO ENTITY_FEATURE (ID,ENTITY_ID,FEATURE_ID) VALUES (SEQ_ENTITY_FEATURE.NEXTVAL,4,93);
INSERT INTO ENTITY_FEATURE (ID,ENTITY_ID,FEATURE_ID) VALUES (SEQ_ENTITY_FEATURE.NEXTVAL,4,94);
INSERT INTO ENTITY_FEATURE (ID,ENTITY_ID,FEATURE_ID) VALUES (SEQ_ENTITY_FEATURE.NEXTVAL,4,95);
INSERT INTO ENTITY_FEATURE (ID,ENTITY_ID,FEATURE_ID) VALUES (SEQ_ENTITY_FEATURE.NEXTVAL,4,96);
INSERT INTO ENTITY_FEATURE (ID,ENTITY_ID,FEATURE_ID) VALUES (SEQ_ENTITY_FEATURE.NEXTVAL,4,97);
INSERT INTO ENTITY_FEATURE (ID,ENTITY_ID,FEATURE_ID) VALUES (SEQ_ENTITY_FEATURE.NEXTVAL,4,98);
INSERT INTO ENTITY_FEATURE (ID,ENTITY_ID,FEATURE_ID) VALUES (SEQ_ENTITY_FEATURE.NEXTVAL,4,99);
INSERT INTO ENTITY_FEATURE (ID,ENTITY_ID,FEATURE_ID) VALUES (SEQ_ENTITY_FEATURE.NEXTVAL,4,100);
INSERT INTO ENTITY_FEATURE (ID,ENTITY_ID,FEATURE_ID) VALUES (SEQ_ENTITY_FEATURE.NEXTVAL,4,101);
INSERT INTO ENTITY_FEATURE (ID,ENTITY_ID,FEATURE_ID) VALUES (SEQ_ENTITY_FEATURE.NEXTVAL,4,102);
INSERT INTO ENTITY_FEATURE (ID,ENTITY_ID,FEATURE_ID) VALUES (SEQ_ENTITY_FEATURE.NEXTVAL,4,103);
INSERT INTO ENTITY_FEATURE (ID,ENTITY_ID,FEATURE_ID) VALUES (SEQ_ENTITY_FEATURE.NEXTVAL,4,104);
INSERT INTO ENTITY_FEATURE (ID,ENTITY_ID,FEATURE_ID) VALUES (SEQ_ENTITY_FEATURE.NEXTVAL,4,105);
INSERT INTO ENTITY_FEATURE (ID,ENTITY_ID,FEATURE_ID) VALUES (SEQ_ENTITY_FEATURE.NEXTVAL,4,106);
INSERT INTO ENTITY_FEATURE (ID,ENTITY_ID,FEATURE_ID) VALUES (SEQ_ENTITY_FEATURE.NEXTVAL,4,107);
INSERT INTO ENTITY_FEATURE (ID,ENTITY_ID,FEATURE_ID) VALUES (SEQ_ENTITY_FEATURE.NEXTVAL,4,108);
INSERT INTO ENTITY_FEATURE (ID,ENTITY_ID,FEATURE_ID) VALUES (SEQ_ENTITY_FEATURE.NEXTVAL,4,109);
INSERT INTO ENTITY_FEATURE (ID,ENTITY_ID,FEATURE_ID) VALUES (SEQ_ENTITY_FEATURE.NEXTVAL,4,110);
INSERT INTO ENTITY_FEATURE (ID,ENTITY_ID,FEATURE_ID) VALUES (SEQ_ENTITY_FEATURE.NEXTVAL,4,111);
INSERT INTO ENTITY_FEATURE (ID,ENTITY_ID,FEATURE_ID) VALUES (SEQ_ENTITY_FEATURE.NEXTVAL,4,112);
INSERT INTO ENTITY_FEATURE (ID,ENTITY_ID,FEATURE_ID) VALUES (SEQ_ENTITY_FEATURE.NEXTVAL,4,113);
INSERT INTO ENTITY_FEATURE (ID,ENTITY_ID,FEATURE_ID) VALUES (SEQ_ENTITY_FEATURE.NEXTVAL,4,127);
INSERT INTO ENTITY_FEATURE (ID,ENTITY_ID,FEATURE_ID) VALUES (SEQ_ENTITY_FEATURE.NEXTVAL,4,128);
INSERT INTO ENTITY_FEATURE (ID,ENTITY_ID,FEATURE_ID) VALUES (SEQ_ENTITY_FEATURE.NEXTVAL,4,129);
INSERT INTO ENTITY_FEATURE (ID,ENTITY_ID,FEATURE_ID) VALUES (SEQ_ENTITY_FEATURE.NEXTVAL,4,130);
INSERT INTO ENTITY_FEATURE (ID,ENTITY_ID,FEATURE_ID) VALUES (SEQ_ENTITY_FEATURE.NEXTVAL,4,146);
INSERT INTO ENTITY_FEATURE (ID,ENTITY_ID,FEATURE_ID) VALUES (SEQ_ENTITY_FEATURE.NEXTVAL,4,147);
INSERT INTO ENTITY_FEATURE (ID,ENTITY_ID,FEATURE_ID) VALUES (SEQ_ENTITY_FEATURE.NEXTVAL,4,148);
INSERT INTO ENTITY_FEATURE (ID,ENTITY_ID,FEATURE_ID) VALUES (SEQ_ENTITY_FEATURE.NEXTVAL,4,149);
INSERT INTO ENTITY_FEATURE (ID,ENTITY_ID,FEATURE_ID) VALUES (SEQ_ENTITY_FEATURE.NEXTVAL,4,150);
INSERT INTO ENTITY_FEATURE (ID,ENTITY_ID,FEATURE_ID) VALUES (SEQ_ENTITY_FEATURE.NEXTVAL,4,151);
INSERT INTO ENTITY_FEATURE (ID,ENTITY_ID,FEATURE_ID) VALUES (SEQ_ENTITY_FEATURE.NEXTVAL,4,152);
INSERT INTO ENTITY_FEATURE (ID,ENTITY_ID,FEATURE_ID) VALUES (SEQ_ENTITY_FEATURE.NEXTVAL,4,153);
INSERT INTO ENTITY_FEATURE (ID,ENTITY_ID,FEATURE_ID) VALUES (SEQ_ENTITY_FEATURE.NEXTVAL,4,154);
INSERT INTO ENTITY_FEATURE (ID,ENTITY_ID,FEATURE_ID) VALUES (SEQ_ENTITY_FEATURE.NEXTVAL,4,155);
INSERT INTO ENTITY_FEATURE (ID,ENTITY_ID,FEATURE_ID) VALUES (SEQ_ENTITY_FEATURE.NEXTVAL,4,156);
INSERT INTO ENTITY_FEATURE (ID,ENTITY_ID,FEATURE_ID) VALUES (SEQ_ENTITY_FEATURE.NEXTVAL,4,157);
INSERT INTO ENTITY_FEATURE (ID,ENTITY_ID,FEATURE_ID) VALUES (SEQ_ENTITY_FEATURE.NEXTVAL,4,158);
INSERT INTO ENTITY_FEATURE (ID,ENTITY_ID,FEATURE_ID) VALUES (SEQ_ENTITY_FEATURE.NEXTVAL,4,159);
INSERT INTO ENTITY_FEATURE (ID,ENTITY_ID,FEATURE_ID) VALUES (SEQ_ENTITY_FEATURE.NEXTVAL,4,160);
INSERT INTO ENTITY_FEATURE (ID,ENTITY_ID,FEATURE_ID) VALUES (SEQ_ENTITY_FEATURE.NEXTVAL,4,161);
INSERT INTO ENTITY_FEATURE (ID,ENTITY_ID,FEATURE_ID) VALUES (SEQ_ENTITY_FEATURE.NEXTVAL,4,162);
INSERT INTO ENTITY_FEATURE (ID,ENTITY_ID,FEATURE_ID) VALUES (SEQ_ENTITY_FEATURE.NEXTVAL,4,168);
INSERT INTO ENTITY_FEATURE (ID,ENTITY_ID,FEATURE_ID) VALUES (SEQ_ENTITY_FEATURE.NEXTVAL,4,169);
INSERT INTO ENTITY_FEATURE (ID,ENTITY_ID,FEATURE_ID) VALUES (SEQ_ENTITY_FEATURE.NEXTVAL,4,171);
INSERT INTO ENTITY_FEATURE (ID,ENTITY_ID,FEATURE_ID) VALUES (SEQ_ENTITY_FEATURE.NEXTVAL,4,172);
INSERT INTO ENTITY_FEATURE (ID,ENTITY_ID,FEATURE_ID) VALUES (SEQ_ENTITY_FEATURE.NEXTVAL,4,175);
INSERT INTO ENTITY_FEATURE (ID,ENTITY_ID,FEATURE_ID) VALUES (SEQ_ENTITY_FEATURE.NEXTVAL,4,177);
INSERT INTO ENTITY_FEATURE (ID,ENTITY_ID,FEATURE_ID) VALUES (SEQ_ENTITY_FEATURE.NEXTVAL,4,184);
INSERT INTO ENTITY_FEATURE (ID,ENTITY_ID,FEATURE_ID) VALUES (SEQ_ENTITY_FEATURE.NEXTVAL,4,185);
INSERT INTO ENTITY_FEATURE (ID,ENTITY_ID,FEATURE_ID) VALUES (SEQ_ENTITY_FEATURE.NEXTVAL,4,202);

-- Insert scripts for entity feature mapping for Partner type
INSERT INTO ENTITY_FEATURE (ID,ENTITY_ID,FEATURE_ID) VALUES (SEQ_ENTITY_FEATURE.NEXTVAL,5,1);
INSERT INTO ENTITY_FEATURE (ID,ENTITY_ID,FEATURE_ID) VALUES (SEQ_ENTITY_FEATURE.NEXTVAL,5,2);
INSERT INTO ENTITY_FEATURE (ID,ENTITY_ID,FEATURE_ID) VALUES (SEQ_ENTITY_FEATURE.NEXTVAL,5,3);
INSERT INTO ENTITY_FEATURE (ID,ENTITY_ID,FEATURE_ID) VALUES (SEQ_ENTITY_FEATURE.NEXTVAL,5,4);
INSERT INTO ENTITY_FEATURE (ID,ENTITY_ID,FEATURE_ID) VALUES (SEQ_ENTITY_FEATURE.NEXTVAL,5,5);
INSERT INTO ENTITY_FEATURE (ID,ENTITY_ID,FEATURE_ID) VALUES (SEQ_ENTITY_FEATURE.NEXTVAL,5,6);
INSERT INTO ENTITY_FEATURE (ID,ENTITY_ID,FEATURE_ID) VALUES (SEQ_ENTITY_FEATURE.NEXTVAL,5,7);
INSERT INTO ENTITY_FEATURE (ID,ENTITY_ID,FEATURE_ID) VALUES (SEQ_ENTITY_FEATURE.NEXTVAL,5,8);
INSERT INTO ENTITY_FEATURE (ID,ENTITY_ID,FEATURE_ID) VALUES (SEQ_ENTITY_FEATURE.NEXTVAL,5,46);
INSERT INTO ENTITY_FEATURE (ID,ENTITY_ID,FEATURE_ID) VALUES (SEQ_ENTITY_FEATURE.NEXTVAL,5,47);
INSERT INTO ENTITY_FEATURE (ID,ENTITY_ID,FEATURE_ID) VALUES (SEQ_ENTITY_FEATURE.NEXTVAL,5,48);
INSERT INTO ENTITY_FEATURE (ID,ENTITY_ID,FEATURE_ID) VALUES (SEQ_ENTITY_FEATURE.NEXTVAL,5,49);
INSERT INTO ENTITY_FEATURE (ID,ENTITY_ID,FEATURE_ID) VALUES (SEQ_ENTITY_FEATURE.NEXTVAL,5,50);
INSERT INTO ENTITY_FEATURE (ID,ENTITY_ID,FEATURE_ID) VALUES (SEQ_ENTITY_FEATURE.NEXTVAL,5,51);
INSERT INTO ENTITY_FEATURE (ID,ENTITY_ID,FEATURE_ID) VALUES (SEQ_ENTITY_FEATURE.NEXTVAL,5,52);
INSERT INTO ENTITY_FEATURE (ID,ENTITY_ID,FEATURE_ID) VALUES (SEQ_ENTITY_FEATURE.NEXTVAL,5,53);
INSERT INTO ENTITY_FEATURE (ID,ENTITY_ID,FEATURE_ID) VALUES (SEQ_ENTITY_FEATURE.NEXTVAL,5,54);
INSERT INTO ENTITY_FEATURE (ID,ENTITY_ID,FEATURE_ID) VALUES (SEQ_ENTITY_FEATURE.NEXTVAL,5,55);
INSERT INTO ENTITY_FEATURE (ID,ENTITY_ID,FEATURE_ID) VALUES (SEQ_ENTITY_FEATURE.NEXTVAL,5,56);
INSERT INTO ENTITY_FEATURE (ID,ENTITY_ID,FEATURE_ID) VALUES (SEQ_ENTITY_FEATURE.NEXTVAL,5,57);
INSERT INTO ENTITY_FEATURE (ID,ENTITY_ID,FEATURE_ID) VALUES (SEQ_ENTITY_FEATURE.NEXTVAL,5,77);
INSERT INTO ENTITY_FEATURE (ID,ENTITY_ID,FEATURE_ID) VALUES (SEQ_ENTITY_FEATURE.NEXTVAL,5,84);
INSERT INTO ENTITY_FEATURE (ID,ENTITY_ID,FEATURE_ID) VALUES (SEQ_ENTITY_FEATURE.NEXTVAL,5,85);
INSERT INTO ENTITY_FEATURE (ID,ENTITY_ID,FEATURE_ID) VALUES (SEQ_ENTITY_FEATURE.NEXTVAL,5,86);
INSERT INTO ENTITY_FEATURE (ID,ENTITY_ID,FEATURE_ID) VALUES (SEQ_ENTITY_FEATURE.NEXTVAL,5,87);
INSERT INTO ENTITY_FEATURE (ID,ENTITY_ID,FEATURE_ID) VALUES (SEQ_ENTITY_FEATURE.NEXTVAL,5,88);
INSERT INTO ENTITY_FEATURE (ID,ENTITY_ID,FEATURE_ID) VALUES (SEQ_ENTITY_FEATURE.NEXTVAL,5,89);
INSERT INTO ENTITY_FEATURE (ID,ENTITY_ID,FEATURE_ID) VALUES (SEQ_ENTITY_FEATURE.NEXTVAL,5,90);
INSERT INTO ENTITY_FEATURE (ID,ENTITY_ID,FEATURE_ID) VALUES (SEQ_ENTITY_FEATURE.NEXTVAL,5,91);
INSERT INTO ENTITY_FEATURE (ID,ENTITY_ID,FEATURE_ID) VALUES (SEQ_ENTITY_FEATURE.NEXTVAL,5,92);
INSERT INTO ENTITY_FEATURE (ID,ENTITY_ID,FEATURE_ID) VALUES (SEQ_ENTITY_FEATURE.NEXTVAL,5,93);
INSERT INTO ENTITY_FEATURE (ID,ENTITY_ID,FEATURE_ID) VALUES (SEQ_ENTITY_FEATURE.NEXTVAL,5,94);
INSERT INTO ENTITY_FEATURE (ID,ENTITY_ID,FEATURE_ID) VALUES (SEQ_ENTITY_FEATURE.NEXTVAL,5,95);
INSERT INTO ENTITY_FEATURE (ID,ENTITY_ID,FEATURE_ID) VALUES (SEQ_ENTITY_FEATURE.NEXTVAL,5,96);
INSERT INTO ENTITY_FEATURE (ID,ENTITY_ID,FEATURE_ID) VALUES (SEQ_ENTITY_FEATURE.NEXTVAL,5,97);
INSERT INTO ENTITY_FEATURE (ID,ENTITY_ID,FEATURE_ID) VALUES (SEQ_ENTITY_FEATURE.NEXTVAL,5,98);
INSERT INTO ENTITY_FEATURE (ID,ENTITY_ID,FEATURE_ID) VALUES (SEQ_ENTITY_FEATURE.NEXTVAL,5,99);
INSERT INTO ENTITY_FEATURE (ID,ENTITY_ID,FEATURE_ID) VALUES (SEQ_ENTITY_FEATURE.NEXTVAL,5,100);
INSERT INTO ENTITY_FEATURE (ID,ENTITY_ID,FEATURE_ID) VALUES (SEQ_ENTITY_FEATURE.NEXTVAL,5,101);
INSERT INTO ENTITY_FEATURE (ID,ENTITY_ID,FEATURE_ID) VALUES (SEQ_ENTITY_FEATURE.NEXTVAL,5,102);
INSERT INTO ENTITY_FEATURE (ID,ENTITY_ID,FEATURE_ID) VALUES (SEQ_ENTITY_FEATURE.NEXTVAL,5,103);
INSERT INTO ENTITY_FEATURE (ID,ENTITY_ID,FEATURE_ID) VALUES (SEQ_ENTITY_FEATURE.NEXTVAL,5,104);
INSERT INTO ENTITY_FEATURE (ID,ENTITY_ID,FEATURE_ID) VALUES (SEQ_ENTITY_FEATURE.NEXTVAL,5,105);
INSERT INTO ENTITY_FEATURE (ID,ENTITY_ID,FEATURE_ID) VALUES (SEQ_ENTITY_FEATURE.NEXTVAL,5,106);
INSERT INTO ENTITY_FEATURE (ID,ENTITY_ID,FEATURE_ID) VALUES (SEQ_ENTITY_FEATURE.NEXTVAL,5,107);
INSERT INTO ENTITY_FEATURE (ID,ENTITY_ID,FEATURE_ID) VALUES (SEQ_ENTITY_FEATURE.NEXTVAL,5,108);
INSERT INTO ENTITY_FEATURE (ID,ENTITY_ID,FEATURE_ID) VALUES (SEQ_ENTITY_FEATURE.NEXTVAL,5,109);
INSERT INTO ENTITY_FEATURE (ID,ENTITY_ID,FEATURE_ID) VALUES (SEQ_ENTITY_FEATURE.NEXTVAL,5,110);
INSERT INTO ENTITY_FEATURE (ID,ENTITY_ID,FEATURE_ID) VALUES (SEQ_ENTITY_FEATURE.NEXTVAL,5,111);
INSERT INTO ENTITY_FEATURE (ID,ENTITY_ID,FEATURE_ID) VALUES (SEQ_ENTITY_FEATURE.NEXTVAL,5,112);
INSERT INTO ENTITY_FEATURE (ID,ENTITY_ID,FEATURE_ID) VALUES (SEQ_ENTITY_FEATURE.NEXTVAL,5,113);
INSERT INTO ENTITY_FEATURE (ID,ENTITY_ID,FEATURE_ID) VALUES (SEQ_ENTITY_FEATURE.NEXTVAL,5,114);
INSERT INTO ENTITY_FEATURE (ID,ENTITY_ID,FEATURE_ID) VALUES (SEQ_ENTITY_FEATURE.NEXTVAL,5,115);
INSERT INTO ENTITY_FEATURE (ID,ENTITY_ID,FEATURE_ID) VALUES (SEQ_ENTITY_FEATURE.NEXTVAL,5,116);
INSERT INTO ENTITY_FEATURE (ID,ENTITY_ID,FEATURE_ID) VALUES (SEQ_ENTITY_FEATURE.NEXTVAL,5,117);
INSERT INTO ENTITY_FEATURE (ID,ENTITY_ID,FEATURE_ID) VALUES (SEQ_ENTITY_FEATURE.NEXTVAL,5,118);
INSERT INTO ENTITY_FEATURE (ID,ENTITY_ID,FEATURE_ID) VALUES (SEQ_ENTITY_FEATURE.NEXTVAL,5,119);
INSERT INTO ENTITY_FEATURE (ID,ENTITY_ID,FEATURE_ID) VALUES (SEQ_ENTITY_FEATURE.NEXTVAL,5,120);
INSERT INTO ENTITY_FEATURE (ID,ENTITY_ID,FEATURE_ID) VALUES (SEQ_ENTITY_FEATURE.NEXTVAL,5,121);
INSERT INTO ENTITY_FEATURE (ID,ENTITY_ID,FEATURE_ID) VALUES (SEQ_ENTITY_FEATURE.NEXTVAL,5,122);
INSERT INTO ENTITY_FEATURE (ID,ENTITY_ID,FEATURE_ID) VALUES (SEQ_ENTITY_FEATURE.NEXTVAL,5,123);
INSERT INTO ENTITY_FEATURE (ID,ENTITY_ID,FEATURE_ID) VALUES (SEQ_ENTITY_FEATURE.NEXTVAL,5,124);
INSERT INTO ENTITY_FEATURE (ID,ENTITY_ID,FEATURE_ID) VALUES (SEQ_ENTITY_FEATURE.NEXTVAL,5,125);
INSERT INTO ENTITY_FEATURE (ID,ENTITY_ID,FEATURE_ID) VALUES (SEQ_ENTITY_FEATURE.NEXTVAL,5,126);
INSERT INTO ENTITY_FEATURE (ID,ENTITY_ID,FEATURE_ID) VALUES (SEQ_ENTITY_FEATURE.NEXTVAL,5,127);
INSERT INTO ENTITY_FEATURE (ID,ENTITY_ID,FEATURE_ID) VALUES (SEQ_ENTITY_FEATURE.NEXTVAL,5,128);
INSERT INTO ENTITY_FEATURE (ID,ENTITY_ID,FEATURE_ID) VALUES (SEQ_ENTITY_FEATURE.NEXTVAL,5,129);
INSERT INTO ENTITY_FEATURE (ID,ENTITY_ID,FEATURE_ID) VALUES (SEQ_ENTITY_FEATURE.NEXTVAL,5,130);
INSERT INTO ENTITY_FEATURE (ID,ENTITY_ID,FEATURE_ID) VALUES (SEQ_ENTITY_FEATURE.NEXTVAL,5,131);
INSERT INTO ENTITY_FEATURE (ID,ENTITY_ID,FEATURE_ID) VALUES (SEQ_ENTITY_FEATURE.NEXTVAL,5,132);
INSERT INTO ENTITY_FEATURE (ID,ENTITY_ID,FEATURE_ID) VALUES (SEQ_ENTITY_FEATURE.NEXTVAL,5,133);
INSERT INTO ENTITY_FEATURE (ID,ENTITY_ID,FEATURE_ID) VALUES (SEQ_ENTITY_FEATURE.NEXTVAL,5,134);
INSERT INTO ENTITY_FEATURE (ID,ENTITY_ID,FEATURE_ID) VALUES (SEQ_ENTITY_FEATURE.NEXTVAL,5,135);
INSERT INTO ENTITY_FEATURE (ID,ENTITY_ID,FEATURE_ID) VALUES (SEQ_ENTITY_FEATURE.NEXTVAL,5,136);
INSERT INTO ENTITY_FEATURE (ID,ENTITY_ID,FEATURE_ID) VALUES (SEQ_ENTITY_FEATURE.NEXTVAL,5,137);
INSERT INTO ENTITY_FEATURE (ID,ENTITY_ID,FEATURE_ID) VALUES (SEQ_ENTITY_FEATURE.NEXTVAL,5,139);
INSERT INTO ENTITY_FEATURE (ID,ENTITY_ID,FEATURE_ID) VALUES (SEQ_ENTITY_FEATURE.NEXTVAL,5,140);
INSERT INTO ENTITY_FEATURE (ID,ENTITY_ID,FEATURE_ID) VALUES (SEQ_ENTITY_FEATURE.NEXTVAL,5,141);
INSERT INTO ENTITY_FEATURE (ID,ENTITY_ID,FEATURE_ID) VALUES (SEQ_ENTITY_FEATURE.NEXTVAL,5,143);
INSERT INTO ENTITY_FEATURE (ID,ENTITY_ID,FEATURE_ID) VALUES (SEQ_ENTITY_FEATURE.NEXTVAL,5,144);
INSERT INTO ENTITY_FEATURE (ID,ENTITY_ID,FEATURE_ID) VALUES (SEQ_ENTITY_FEATURE.NEXTVAL,5,146);
INSERT INTO ENTITY_FEATURE (ID,ENTITY_ID,FEATURE_ID) VALUES (SEQ_ENTITY_FEATURE.NEXTVAL,5,147);
INSERT INTO ENTITY_FEATURE (ID,ENTITY_ID,FEATURE_ID) VALUES (SEQ_ENTITY_FEATURE.NEXTVAL,5,148);
INSERT INTO ENTITY_FEATURE (ID,ENTITY_ID,FEATURE_ID) VALUES (SEQ_ENTITY_FEATURE.NEXTVAL,5,149);
INSERT INTO ENTITY_FEATURE (ID,ENTITY_ID,FEATURE_ID) VALUES (SEQ_ENTITY_FEATURE.NEXTVAL,5,150);
INSERT INTO ENTITY_FEATURE (ID,ENTITY_ID,FEATURE_ID) VALUES (SEQ_ENTITY_FEATURE.NEXTVAL,5,151);
INSERT INTO ENTITY_FEATURE (ID,ENTITY_ID,FEATURE_ID) VALUES (SEQ_ENTITY_FEATURE.NEXTVAL,5,152);
INSERT INTO ENTITY_FEATURE (ID,ENTITY_ID,FEATURE_ID) VALUES (SEQ_ENTITY_FEATURE.NEXTVAL,5,153);
INSERT INTO ENTITY_FEATURE (ID,ENTITY_ID,FEATURE_ID) VALUES (SEQ_ENTITY_FEATURE.NEXTVAL,5,154);
INSERT INTO ENTITY_FEATURE (ID,ENTITY_ID,FEATURE_ID) VALUES (SEQ_ENTITY_FEATURE.NEXTVAL,5,155);
INSERT INTO ENTITY_FEATURE (ID,ENTITY_ID,FEATURE_ID) VALUES (SEQ_ENTITY_FEATURE.NEXTVAL,5,156);
INSERT INTO ENTITY_FEATURE (ID,ENTITY_ID,FEATURE_ID) VALUES (SEQ_ENTITY_FEATURE.NEXTVAL,5,157);
INSERT INTO ENTITY_FEATURE (ID,ENTITY_ID,FEATURE_ID) VALUES (SEQ_ENTITY_FEATURE.NEXTVAL,5,158);
INSERT INTO ENTITY_FEATURE (ID,ENTITY_ID,FEATURE_ID) VALUES (SEQ_ENTITY_FEATURE.NEXTVAL,5,159);
INSERT INTO ENTITY_FEATURE (ID,ENTITY_ID,FEATURE_ID) VALUES (SEQ_ENTITY_FEATURE.NEXTVAL,5,160);
INSERT INTO ENTITY_FEATURE (ID,ENTITY_ID,FEATURE_ID) VALUES (SEQ_ENTITY_FEATURE.NEXTVAL,5,161);
INSERT INTO ENTITY_FEATURE (ID,ENTITY_ID,FEATURE_ID) VALUES (SEQ_ENTITY_FEATURE.NEXTVAL,5,162);
INSERT INTO ENTITY_FEATURE (ID,ENTITY_ID,FEATURE_ID) VALUES (SEQ_ENTITY_FEATURE.NEXTVAL,5,164);
INSERT INTO ENTITY_FEATURE (ID,ENTITY_ID,FEATURE_ID) VALUES (SEQ_ENTITY_FEATURE.NEXTVAL,5,165);
INSERT INTO ENTITY_FEATURE (ID,ENTITY_ID,FEATURE_ID) VALUES (SEQ_ENTITY_FEATURE.NEXTVAL,5,168);
INSERT INTO ENTITY_FEATURE (ID,ENTITY_ID,FEATURE_ID) VALUES (SEQ_ENTITY_FEATURE.NEXTVAL,5,169);
INSERT INTO ENTITY_FEATURE (ID,ENTITY_ID,FEATURE_ID) VALUES (SEQ_ENTITY_FEATURE.NEXTVAL,5,170);
INSERT INTO ENTITY_FEATURE (ID,ENTITY_ID,FEATURE_ID) VALUES (SEQ_ENTITY_FEATURE.NEXTVAL,5,171);
INSERT INTO ENTITY_FEATURE (ID,ENTITY_ID,FEATURE_ID) VALUES (SEQ_ENTITY_FEATURE.NEXTVAL,5,172);
INSERT INTO ENTITY_FEATURE (ID,ENTITY_ID,FEATURE_ID) VALUES (SEQ_ENTITY_FEATURE.NEXTVAL,5,173);
INSERT INTO ENTITY_FEATURE (ID,ENTITY_ID,FEATURE_ID) VALUES (SEQ_ENTITY_FEATURE.NEXTVAL,5,175);
INSERT INTO ENTITY_FEATURE (ID,ENTITY_ID,FEATURE_ID) VALUES (SEQ_ENTITY_FEATURE.NEXTVAL,5,177);
INSERT INTO ENTITY_FEATURE (ID,ENTITY_ID,FEATURE_ID) VALUES (SEQ_ENTITY_FEATURE.NEXTVAL,5,184);
INSERT INTO ENTITY_FEATURE (ID,ENTITY_ID,FEATURE_ID) VALUES (SEQ_ENTITY_FEATURE.NEXTVAL,5,185);
INSERT INTO ENTITY_FEATURE (ID,ENTITY_ID,FEATURE_ID) VALUES (SEQ_ENTITY_FEATURE.NEXTVAL,5,186);
INSERT INTO ENTITY_FEATURE (ID,ENTITY_ID,FEATURE_ID) VALUES (SEQ_ENTITY_FEATURE.NEXTVAL,5,187);
INSERT INTO ENTITY_FEATURE (ID,ENTITY_ID,FEATURE_ID) VALUES (SEQ_ENTITY_FEATURE.NEXTVAL,5,188);
INSERT INTO ENTITY_FEATURE (ID,ENTITY_ID,FEATURE_ID) VALUES (SEQ_ENTITY_FEATURE.NEXTVAL,5,189);
INSERT INTO ENTITY_FEATURE (ID,ENTITY_ID,FEATURE_ID) VALUES (SEQ_ENTITY_FEATURE.NEXTVAL,5,197);
INSERT INTO ENTITY_FEATURE (ID,ENTITY_ID,FEATURE_ID) VALUES (SEQ_ENTITY_FEATURE.NEXTVAL,5,201);
INSERT INTO ENTITY_FEATURE (ID,ENTITY_ID,FEATURE_ID) VALUES (SEQ_ENTITY_FEATURE.NEXTVAL,5,202);

INSERT INTO ENTITY_FEATURE (ID,ENTITY_ID,FEATURE_ID) VALUES (SEQ_ENTITY_FEATURE.NEXTVAL,5,208);
INSERT INTO ENTITY_FEATURE (ID,ENTITY_ID,FEATURE_ID) VALUES (SEQ_ENTITY_FEATURE.NEXTVAL,5,209);


-- Insert scripts for agent admin feature list
INSERT INTO PREPAID_FEATURE (FEATURE_ID,NAME,FEATURE_LEVEL,ROLE_TYPE,REF_FEATURE_ID,STATUS,CREATED_DATE) VALUES (5000,'Dashboard',0,'CP_AGENT',0,'Active',SYSDATE);
INSERT INTO PREPAID_FEATURE (FEATURE_ID,NAME,FEATURE_LEVEL,ROLE_TYPE,REF_FEATURE_ID,STATUS,CREATED_DATE) VALUES (5001,'My Profile',0,'CP_AGENT',0,'Active',SYSDATE);
INSERT INTO PREPAID_FEATURE (FEATURE_ID,NAME,FEATURE_LEVEL,ROLE_TYPE,REF_FEATURE_ID,STATUS,CREATED_DATE) VALUES (5002,'My Profile',1,'CP_AGENT',5001,'Active',SYSDATE);
INSERT INTO PREPAID_FEATURE (FEATURE_ID,NAME,FEATURE_LEVEL,ROLE_TYPE,REF_FEATURE_ID,STATUS,CREATED_DATE) VALUES (5003,'Change Password',1,'CP_AGENT',5001,'Active',SYSDATE);
INSERT INTO PREPAID_FEATURE (FEATURE_ID,NAME,FEATURE_LEVEL,ROLE_TYPE,REF_FEATURE_ID,STATUS,CREATED_DATE) VALUES (5004,'Change Security Key',1,'CP_AGENT',5001,'Active',SYSDATE);
INSERT INTO PREPAID_FEATURE (FEATURE_ID,NAME,FEATURE_LEVEL,ROLE_TYPE,REF_FEATURE_ID,STATUS,CREATED_DATE) VALUES (5005,'Change Security Question',1,'CP_AGENT',5001,'Active',SYSDATE);
INSERT INTO PREPAID_FEATURE (FEATURE_ID,NAME,FEATURE_LEVEL,ROLE_TYPE,REF_FEATURE_ID,STATUS,CREATED_DATE) VALUES (5006,'Transactions',0,'CP_AGENT',0,'Active',SYSDATE);
INSERT INTO PREPAID_FEATURE (FEATURE_ID,NAME,FEATURE_LEVEL,ROLE_TYPE,REF_FEATURE_ID,STATUS,CREATED_DATE) VALUES (5007,'Load Card',1,'CP_AGENT',5006,'Active',SYSDATE);
INSERT INTO PREPAID_FEATURE (FEATURE_ID,NAME,FEATURE_LEVEL,ROLE_TYPE,REF_FEATURE_ID,STATUS,CREATED_DATE) VALUES (5008,'Load Card Individual',1,'CP_AGENT',5007,'Active',SYSDATE);
INSERT INTO PREPAID_FEATURE (FEATURE_ID,NAME,FEATURE_LEVEL,ROLE_TYPE,REF_FEATURE_ID,STATUS,CREATED_DATE) VALUES (5009,'Bulk Load Card',1,'CP_AGENT',5007,'Active',SYSDATE);
INSERT INTO PREPAID_FEATURE (FEATURE_ID,NAME,FEATURE_LEVEL,ROLE_TYPE,REF_FEATURE_ID,STATUS,CREATED_DATE) VALUES (5010,'Bulk Load Account',1,'CP_AGENT',5007,'Active',SYSDATE);
INSERT INTO PREPAID_FEATURE (FEATURE_ID,NAME,FEATURE_LEVEL,ROLE_TYPE,REF_FEATURE_ID,STATUS,CREATED_DATE) VALUES (5011,'Load Reversal',1,'CP_AGENT',5006,'Active',SYSDATE);
INSERT INTO PREPAID_FEATURE (FEATURE_ID,NAME,FEATURE_LEVEL,ROLE_TYPE,REF_FEATURE_ID,STATUS,CREATED_DATE) VALUES (5012,'To Bank EFT',1,'CP_AGENT',5006,'Active',SYSDATE);
INSERT INTO PREPAID_FEATURE (FEATURE_ID,NAME,FEATURE_LEVEL,ROLE_TYPE,REF_FEATURE_ID,STATUS,CREATED_DATE) VALUES (5013,'To ThirdParty Check',1,'CP_AGENT',5006,'Active',SYSDATE);
INSERT INTO PREPAID_FEATURE (FEATURE_ID,NAME,FEATURE_LEVEL,ROLE_TYPE,REF_FEATURE_ID,STATUS,CREATED_DATE) VALUES (5014,'History',0,'CP_AGENT',0,'Active',SYSDATE);
INSERT INTO PREPAID_FEATURE (FEATURE_ID,NAME,FEATURE_LEVEL,ROLE_TYPE,REF_FEATURE_ID,STATUS,CREATED_DATE) VALUES (5015,'Agent History',1,'CP_AGENT',5014,'Active',SYSDATE);
INSERT INTO PREPAID_FEATURE (FEATURE_ID,NAME,FEATURE_LEVEL,ROLE_TYPE,REF_FEATURE_ID,STATUS,CREATED_DATE) VALUES (5016,'Customer Transaction',1,'CP_AGENT',5014,'Active',SYSDATE);
INSERT INTO PREPAID_FEATURE (FEATURE_ID,NAME,FEATURE_LEVEL,ROLE_TYPE,REF_FEATURE_ID,STATUS,CREATED_DATE) VALUES (5017,'Permissions',0,'CP_AGENT',0,'Active',SYSDATE);
INSERT INTO PREPAID_FEATURE (FEATURE_ID,NAME,FEATURE_LEVEL,ROLE_TYPE,REF_FEATURE_ID,STATUS,CREATED_DATE) VALUES (5018,'Role',1,'CP_AGENT',5017,'Active',SYSDATE);
INSERT INTO PREPAID_FEATURE (FEATURE_ID,NAME,FEATURE_LEVEL,ROLE_TYPE,REF_FEATURE_ID,STATUS,CREATED_DATE) VALUES (5019,'Search',2,'CP_AGENT',5018,'Active',SYSDATE);
INSERT INTO PREPAID_FEATURE (FEATURE_ID,NAME,FEATURE_LEVEL,ROLE_TYPE,REF_FEATURE_ID,STATUS,CREATED_DATE) VALUES (5020,'Create',2,'CP_AGENT',5018,'Active',SYSDATE);
INSERT INTO PREPAID_FEATURE (FEATURE_ID,NAME,FEATURE_LEVEL,ROLE_TYPE,REF_FEATURE_ID,STATUS,CREATED_DATE) VALUES (5021,'Edit',2,'CP_AGENT',5018,'Active',SYSDATE);
INSERT INTO PREPAID_FEATURE (FEATURE_ID,NAME,FEATURE_LEVEL,ROLE_TYPE,REF_FEATURE_ID,STATUS,CREATED_DATE) VALUES (5022,'Active',2,'CP_AGENT',5018,'Active',SYSDATE);
INSERT INTO PREPAID_FEATURE (FEATURE_ID,NAME,FEATURE_LEVEL,ROLE_TYPE,REF_FEATURE_ID,STATUS,CREATED_DATE) VALUES (5023,'Suspend',2,'CP_AGENT',5018,'Active',SYSDATE);
INSERT INTO PREPAID_FEATURE (FEATURE_ID,NAME,FEATURE_LEVEL,ROLE_TYPE,REF_FEATURE_ID,STATUS,CREATED_DATE) VALUES (5024,'Users',1,'CP_AGENT',5017,'Active',SYSDATE);
INSERT INTO PREPAID_FEATURE (FEATURE_ID,NAME,FEATURE_LEVEL,ROLE_TYPE,REF_FEATURE_ID,STATUS,CREATED_DATE) VALUES (5025,'Search',2,'CP_AGENT',5024,'Active',SYSDATE);
INSERT INTO PREPAID_FEATURE (FEATURE_ID,NAME,FEATURE_LEVEL,ROLE_TYPE,REF_FEATURE_ID,STATUS,CREATED_DATE) VALUES (5026,'Create',2,'CP_AGENT',5024,'Active',SYSDATE);
INSERT INTO PREPAID_FEATURE (FEATURE_ID,NAME,FEATURE_LEVEL,ROLE_TYPE,REF_FEATURE_ID,STATUS,CREATED_DATE) VALUES (5027,'Edit',2,'CP_AGENT',5024,'Active',SYSDATE);
INSERT INTO PREPAID_FEATURE (FEATURE_ID,NAME,FEATURE_LEVEL,ROLE_TYPE,REF_FEATURE_ID,STATUS,CREATED_DATE) VALUES (5028,'Active',2,'CP_AGENT',5024,'Active',SYSDATE);
INSERT INTO PREPAID_FEATURE (FEATURE_ID,NAME,FEATURE_LEVEL,ROLE_TYPE,REF_FEATURE_ID,STATUS,CREATED_DATE) VALUES (5029,'Suspend',2,'CP_AGENT',5024,'Active',SYSDATE);
INSERT INTO PREPAID_FEATURE (FEATURE_ID,NAME,FEATURE_LEVEL,ROLE_TYPE,REF_FEATURE_ID,STATUS,CREATED_DATE) VALUES (5030,'Manage',0,'CP_AGENT',0,'Active',SYSDATE);
INSERT INTO PREPAID_FEATURE (FEATURE_ID,NAME,FEATURE_LEVEL,ROLE_TYPE,REF_FEATURE_ID,STATUS,CREATED_DATE) VALUES (5031,'Customer',1,'CP_AGENT',5030,'Active',SYSDATE);
INSERT INTO PREPAID_FEATURE (FEATURE_ID,NAME,FEATURE_LEVEL,ROLE_TYPE,REF_FEATURE_ID,STATUS,CREATED_DATE) VALUES (5032,'Search Card',1,'CP_AGENT',5030,'Active',SYSDATE);
INSERT INTO PREPAID_FEATURE (FEATURE_ID,NAME,FEATURE_LEVEL,ROLE_TYPE,REF_FEATURE_ID,STATUS,CREATED_DATE) VALUES (5033,'Search',2,'CP_AGENT',5032,'Active',SYSDATE);
INSERT INTO PREPAID_FEATURE (FEATURE_ID,NAME,FEATURE_LEVEL,ROLE_TYPE,REF_FEATURE_ID,STATUS,CREATED_DATE) VALUES (5034,'Edit',2,'CP_AGENT',5032,'Active',SYSDATE);
INSERT INTO PREPAID_FEATURE (FEATURE_ID,NAME,FEATURE_LEVEL,ROLE_TYPE,REF_FEATURE_ID,STATUS,CREATED_DATE) VALUES (5035,'Active',2,'CP_AGENT',5032,'Active',SYSDATE);
INSERT INTO PREPAID_FEATURE (FEATURE_ID,NAME,FEATURE_LEVEL,ROLE_TYPE,REF_FEATURE_ID,STATUS,CREATED_DATE) VALUES (5036,'Suspend',2,'CP_AGENT',5032,'Active',SYSDATE);
INSERT INTO PREPAID_FEATURE (FEATURE_ID,NAME,FEATURE_LEVEL,ROLE_TYPE,REF_FEATURE_ID,STATUS,CREATED_DATE) VALUES (5037,'Manage Cards',1,'CP_AGENT',5030,'Active',SYSDATE);
INSERT INTO PREPAID_FEATURE (FEATURE_ID,NAME,FEATURE_LEVEL,ROLE_TYPE,REF_FEATURE_ID,STATUS,CREATED_DATE) VALUES (5038,'Reports',0,'CP_AGENT',0,'Active',SYSDATE);
INSERT INTO PREPAID_FEATURE (FEATURE_ID,NAME,FEATURE_LEVEL,ROLE_TYPE,REF_FEATURE_ID,STATUS,CREATED_DATE) VALUES (5039,'Agent Reports',1,'CP_AGENT',5038,'Active',SYSDATE);
INSERT INTO PREPAID_FEATURE (FEATURE_ID,NAME,FEATURE_LEVEL,ROLE_TYPE,REF_FEATURE_ID,STATUS,CREATED_DATE) VALUES (5040,'Download Forms',0,'CP_AGENT',0,'Active',SYSDATE);
INSERT INTO PREPAID_FEATURE (FEATURE_ID,NAME,FEATURE_LEVEL,ROLE_TYPE,REF_FEATURE_ID,STATUS,CREATED_DATE) VALUES (5041,'Download Forms',1,'CP_AGENT',5040,'Active',SYSDATE);
INSERT INTO PREPAID_FEATURE (FEATURE_ID,NAME,FEATURE_LEVEL,ROLE_TYPE,REF_FEATURE_ID,STATUS,CREATED_DATE) VALUES (5042,'Messages',0,'CP_AGENT',0,'Active',SYSDATE);
INSERT INTO PREPAID_FEATURE (FEATURE_ID,NAME,FEATURE_LEVEL,ROLE_TYPE,REF_FEATURE_ID,STATUS,CREATED_DATE) VALUES (5043,'Messages',1,'CP_AGENT',5042,'Active',SYSDATE);
--INSERT INTO PREPAID_FEATURE (FEATURE_ID,NAME,FEATURE_LEVEL,ROLE_TYPE,REF_FEATURE_ID,STATUS,CREATED_DATE) VALUES (5044,'View Network Transactions',1,'CP_AGENT',5006,'Active',SYSDATE);
INSERT INTO PREPAID_FEATURE (FEATURE_ID,NAME,FEATURE_LEVEL,ROLE_TYPE,REF_FEATURE_ID,STATUS,CREATED_DATE) VALUES (5045,'Bulk Load Card UID',1,'CP_AGENT',5007,'Active',SYSDATE);
INSERT INTO PREPAID_FEATURE (FEATURE_ID,NAME,FEATURE_LEVEL,ROLE_TYPE,REF_FEATURE_ID,STATUS,CREATED_DATE) VALUES (5046,'View Card Balance',2,'CP_AGENT',5032,'Active',SYSDATE);
INSERT INTO PREPAID_FEATURE (FEATURE_ID,NAME,FEATURE_LEVEL,ROLE_TYPE,REF_FEATURE_ID,STATUS,CREATED_DATE) VALUES (5047,'Individual Reversal',1,'CP_AGENT',5011,'Active',SYSDATE);
INSERT INTO PREPAID_FEATURE (FEATURE_ID,NAME,FEATURE_LEVEL,ROLE_TYPE,REF_FEATURE_ID,STATUS,CREATED_DATE) VALUES (5048,'Bulk Reversal',1,'CP_AGENT',5011,'Active',SYSDATE);
INSERT INTO PREPAID_FEATURE (FEATURE_ID,NAME,FEATURE_LEVEL,ROLE_TYPE,REF_FEATURE_ID,STATUS,CREATED_DATE) VALUES (5049,'Statements',0,'CP_AGENT',0,'Active',SYSDATE);
INSERT INTO PREPAID_FEATURE (FEATURE_ID,NAME,FEATURE_LEVEL,ROLE_TYPE,REF_FEATURE_ID,STATUS,CREATED_DATE) VALUES (5050,'Account Statements',1,'CP_AGENT',5049,'Active',SYSDATE);
INSERT INTO PREPAID_FEATURE (FEATURE_ID,NAME,FEATURE_LEVEL,ROLE_TYPE,REF_FEATURE_ID,STATUS,CREATED_DATE) VALUES (5051,'Card Inventory Report',1,'CP_AGENT',5038,'Active',SYSDATE);
INSERT INTO PREPAID_FEATURE (FEATURE_ID,NAME,FEATURE_LEVEL,ROLE_TYPE,REF_FEATURE_ID,STATUS,CREATED_DATE) VALUES (5052,'Bulk Load Card Form',1,'CP_AGENT',5007,'Active',SYSDATE);
INSERT INTO PREPAID_FEATURE (FEATURE_ID,NAME,FEATURE_LEVEL,ROLE_TYPE,REF_FEATURE_ID,STATUS,CREATED_DATE) VALUES (5053,'Personalized Card',1,'CP_AGENT',5030,'Active',SYSDATE);
INSERT INTO PREPAID_FEATURE (FEATURE_ID,NAME,FEATURE_LEVEL,ROLE_TYPE,REF_FEATURE_ID,STATUS,CREATED_DATE) VALUES (5054,'Search',2,'CP_AGENT',5053,'Active',SYSDATE);
INSERT INTO PREPAID_FEATURE (FEATURE_ID,NAME,FEATURE_LEVEL,ROLE_TYPE,REF_FEATURE_ID,STATUS,CREATED_DATE) VALUES (5055,'Create',2,'CP_AGENT',5053,'Active',SYSDATE);

-- Insert scripts for Super agent admin role feature map
INSERT INTO AGENT_ROLE_FEATURE_MAP VALUES(SEQ_AGENT_ROLE_FEATURE_MAP.NEXTVAL,(SELECT ID FROM AGENT_ROLE WHERE NAME='SuperAgentRole'),5000,SYSDATE,null,'CPSA_1',null);
INSERT INTO AGENT_ROLE_FEATURE_MAP VALUES(SEQ_AGENT_ROLE_FEATURE_MAP.NEXTVAL,(SELECT ID FROM AGENT_ROLE WHERE NAME='SuperAgentRole'),5001,SYSDATE,null,'CPSA_1',null);
INSERT INTO AGENT_ROLE_FEATURE_MAP VALUES(SEQ_AGENT_ROLE_FEATURE_MAP.NEXTVAL,(SELECT ID FROM AGENT_ROLE WHERE NAME='SuperAgentRole'),5002,SYSDATE,null,'CPSA_1',null);
INSERT INTO AGENT_ROLE_FEATURE_MAP VALUES(SEQ_AGENT_ROLE_FEATURE_MAP.NEXTVAL,(SELECT ID FROM AGENT_ROLE WHERE NAME='SuperAgentRole'),5003,SYSDATE,null,'CPSA_1',null);
INSERT INTO AGENT_ROLE_FEATURE_MAP VALUES(SEQ_AGENT_ROLE_FEATURE_MAP.NEXTVAL,(SELECT ID FROM AGENT_ROLE WHERE NAME='SuperAgentRole'),5004,SYSDATE,null,'CPSA_1',null);
INSERT INTO AGENT_ROLE_FEATURE_MAP VALUES(SEQ_AGENT_ROLE_FEATURE_MAP.NEXTVAL,(SELECT ID FROM AGENT_ROLE WHERE NAME='SuperAgentRole'),5005,SYSDATE,null,'CPSA_1',null);
INSERT INTO AGENT_ROLE_FEATURE_MAP VALUES(SEQ_AGENT_ROLE_FEATURE_MAP.NEXTVAL,(SELECT ID FROM AGENT_ROLE WHERE NAME='SuperAgentRole'),5006,SYSDATE,null,'CPSA_1',null);
INSERT INTO AGENT_ROLE_FEATURE_MAP VALUES(SEQ_AGENT_ROLE_FEATURE_MAP.NEXTVAL,(SELECT ID FROM AGENT_ROLE WHERE NAME='SuperAgentRole'),5007,SYSDATE,null,'CPSA_1',null);
INSERT INTO AGENT_ROLE_FEATURE_MAP VALUES(SEQ_AGENT_ROLE_FEATURE_MAP.NEXTVAL,(SELECT ID FROM AGENT_ROLE WHERE NAME='SuperAgentRole'),5008,SYSDATE,null,'CPSA_1',null);
INSERT INTO AGENT_ROLE_FEATURE_MAP VALUES(SEQ_AGENT_ROLE_FEATURE_MAP.NEXTVAL,(SELECT ID FROM AGENT_ROLE WHERE NAME='SuperAgentRole'),5009,SYSDATE,null,'CPSA_1',null);
INSERT INTO AGENT_ROLE_FEATURE_MAP VALUES(SEQ_AGENT_ROLE_FEATURE_MAP.NEXTVAL,(SELECT ID FROM AGENT_ROLE WHERE NAME='SuperAgentRole'),5010,SYSDATE,null,'CPSA_1',null);
INSERT INTO AGENT_ROLE_FEATURE_MAP VALUES(SEQ_AGENT_ROLE_FEATURE_MAP.NEXTVAL,(SELECT ID FROM AGENT_ROLE WHERE NAME='SuperAgentRole'),5011,SYSDATE,null,'CPSA_1',null);
INSERT INTO AGENT_ROLE_FEATURE_MAP VALUES(SEQ_AGENT_ROLE_FEATURE_MAP.NEXTVAL,(SELECT ID FROM AGENT_ROLE WHERE NAME='SuperAgentRole'),5012,SYSDATE,null,'CPSA_1',null);
INSERT INTO AGENT_ROLE_FEATURE_MAP VALUES(SEQ_AGENT_ROLE_FEATURE_MAP.NEXTVAL,(SELECT ID FROM AGENT_ROLE WHERE NAME='SuperAgentRole'),5013,SYSDATE,null,'CPSA_1',null);
INSERT INTO AGENT_ROLE_FEATURE_MAP VALUES(SEQ_AGENT_ROLE_FEATURE_MAP.NEXTVAL,(SELECT ID FROM AGENT_ROLE WHERE NAME='SuperAgentRole'),5014,SYSDATE,null,'CPSA_1',null);
INSERT INTO AGENT_ROLE_FEATURE_MAP VALUES(SEQ_AGENT_ROLE_FEATURE_MAP.NEXTVAL,(SELECT ID FROM AGENT_ROLE WHERE NAME='SuperAgentRole'),5015,SYSDATE,null,'CPSA_1',null);
INSERT INTO AGENT_ROLE_FEATURE_MAP VALUES(SEQ_AGENT_ROLE_FEATURE_MAP.NEXTVAL,(SELECT ID FROM AGENT_ROLE WHERE NAME='SuperAgentRole'),5016,SYSDATE,null,'CPSA_1',null);
INSERT INTO AGENT_ROLE_FEATURE_MAP VALUES(SEQ_AGENT_ROLE_FEATURE_MAP.NEXTVAL,(SELECT ID FROM AGENT_ROLE WHERE NAME='SuperAgentRole'),5017,SYSDATE,null,'CPSA_1',null);
INSERT INTO AGENT_ROLE_FEATURE_MAP VALUES(SEQ_AGENT_ROLE_FEATURE_MAP.NEXTVAL,(SELECT ID FROM AGENT_ROLE WHERE NAME='SuperAgentRole'),5018,SYSDATE,null,'CPSA_1',null);
INSERT INTO AGENT_ROLE_FEATURE_MAP VALUES(SEQ_AGENT_ROLE_FEATURE_MAP.NEXTVAL,(SELECT ID FROM AGENT_ROLE WHERE NAME='SuperAgentRole'),5019,SYSDATE,null,'CPSA_1',null);
INSERT INTO AGENT_ROLE_FEATURE_MAP VALUES(SEQ_AGENT_ROLE_FEATURE_MAP.NEXTVAL,(SELECT ID FROM AGENT_ROLE WHERE NAME='SuperAgentRole'),5020,SYSDATE,null,'CPSA_1',null);
INSERT INTO AGENT_ROLE_FEATURE_MAP VALUES(SEQ_AGENT_ROLE_FEATURE_MAP.NEXTVAL,(SELECT ID FROM AGENT_ROLE WHERE NAME='SuperAgentRole'),5021,SYSDATE,null,'CPSA_1',null);
INSERT INTO AGENT_ROLE_FEATURE_MAP VALUES(SEQ_AGENT_ROLE_FEATURE_MAP.NEXTVAL,(SELECT ID FROM AGENT_ROLE WHERE NAME='SuperAgentRole'),5022,SYSDATE,null,'CPSA_1',null);
INSERT INTO AGENT_ROLE_FEATURE_MAP VALUES(SEQ_AGENT_ROLE_FEATURE_MAP.NEXTVAL,(SELECT ID FROM AGENT_ROLE WHERE NAME='SuperAgentRole'),5023,SYSDATE,null,'CPSA_1',null);
INSERT INTO AGENT_ROLE_FEATURE_MAP VALUES(SEQ_AGENT_ROLE_FEATURE_MAP.NEXTVAL,(SELECT ID FROM AGENT_ROLE WHERE NAME='SuperAgentRole'),5024,SYSDATE,null,'CPSA_1',null);
INSERT INTO AGENT_ROLE_FEATURE_MAP VALUES(SEQ_AGENT_ROLE_FEATURE_MAP.NEXTVAL,(SELECT ID FROM AGENT_ROLE WHERE NAME='SuperAgentRole'),5025,SYSDATE,null,'CPSA_1',null);
INSERT INTO AGENT_ROLE_FEATURE_MAP VALUES(SEQ_AGENT_ROLE_FEATURE_MAP.NEXTVAL,(SELECT ID FROM AGENT_ROLE WHERE NAME='SuperAgentRole'),5026,SYSDATE,null,'CPSA_1',null);
INSERT INTO AGENT_ROLE_FEATURE_MAP VALUES(SEQ_AGENT_ROLE_FEATURE_MAP.NEXTVAL,(SELECT ID FROM AGENT_ROLE WHERE NAME='SuperAgentRole'),5027,SYSDATE,null,'CPSA_1',null);
INSERT INTO AGENT_ROLE_FEATURE_MAP VALUES(SEQ_AGENT_ROLE_FEATURE_MAP.NEXTVAL,(SELECT ID FROM AGENT_ROLE WHERE NAME='SuperAgentRole'),5028,SYSDATE,null,'CPSA_1',null);
INSERT INTO AGENT_ROLE_FEATURE_MAP VALUES(SEQ_AGENT_ROLE_FEATURE_MAP.NEXTVAL,(SELECT ID FROM AGENT_ROLE WHERE NAME='SuperAgentRole'),5029,SYSDATE,null,'CPSA_1',null);
INSERT INTO AGENT_ROLE_FEATURE_MAP VALUES(SEQ_AGENT_ROLE_FEATURE_MAP.NEXTVAL,(SELECT ID FROM AGENT_ROLE WHERE NAME='SuperAgentRole'),5030,SYSDATE,null,'CPSA_1',null);
INSERT INTO AGENT_ROLE_FEATURE_MAP VALUES(SEQ_AGENT_ROLE_FEATURE_MAP.NEXTVAL,(SELECT ID FROM AGENT_ROLE WHERE NAME='SuperAgentRole'),5031,SYSDATE,null,'CPSA_1',null);
INSERT INTO AGENT_ROLE_FEATURE_MAP VALUES(SEQ_AGENT_ROLE_FEATURE_MAP.NEXTVAL,(SELECT ID FROM AGENT_ROLE WHERE NAME='SuperAgentRole'),5032,SYSDATE,null,'CPSA_1',null);
INSERT INTO AGENT_ROLE_FEATURE_MAP VALUES(SEQ_AGENT_ROLE_FEATURE_MAP.NEXTVAL,(SELECT ID FROM AGENT_ROLE WHERE NAME='SuperAgentRole'),5033,SYSDATE,null,'CPSA_1',null);
INSERT INTO AGENT_ROLE_FEATURE_MAP VALUES(SEQ_AGENT_ROLE_FEATURE_MAP.NEXTVAL,(SELECT ID FROM AGENT_ROLE WHERE NAME='SuperAgentRole'),5034,SYSDATE,null,'CPSA_1',null);
INSERT INTO AGENT_ROLE_FEATURE_MAP VALUES(SEQ_AGENT_ROLE_FEATURE_MAP.NEXTVAL,(SELECT ID FROM AGENT_ROLE WHERE NAME='SuperAgentRole'),5035,SYSDATE,null,'CPSA_1',null);
INSERT INTO AGENT_ROLE_FEATURE_MAP VALUES(SEQ_AGENT_ROLE_FEATURE_MAP.NEXTVAL,(SELECT ID FROM AGENT_ROLE WHERE NAME='SuperAgentRole'),5036,SYSDATE,null,'CPSA_1',null);
INSERT INTO AGENT_ROLE_FEATURE_MAP VALUES(SEQ_AGENT_ROLE_FEATURE_MAP.NEXTVAL,(SELECT ID FROM AGENT_ROLE WHERE NAME='SuperAgentRole'),5037,SYSDATE,null,'CPSA_1',null);
INSERT INTO AGENT_ROLE_FEATURE_MAP VALUES(SEQ_AGENT_ROLE_FEATURE_MAP.NEXTVAL,(SELECT ID FROM AGENT_ROLE WHERE NAME='SuperAgentRole'),5038,SYSDATE,null,'CPSA_1',null);
INSERT INTO AGENT_ROLE_FEATURE_MAP VALUES(SEQ_AGENT_ROLE_FEATURE_MAP.NEXTVAL,(SELECT ID FROM AGENT_ROLE WHERE NAME='SuperAgentRole'),5039,SYSDATE,null,'CPSA_1',null);
INSERT INTO AGENT_ROLE_FEATURE_MAP VALUES(SEQ_AGENT_ROLE_FEATURE_MAP.NEXTVAL,(SELECT ID FROM AGENT_ROLE WHERE NAME='SuperAgentRole'),5040,SYSDATE,null,'CPSA_1',null);
INSERT INTO AGENT_ROLE_FEATURE_MAP VALUES(SEQ_AGENT_ROLE_FEATURE_MAP.NEXTVAL,(SELECT ID FROM AGENT_ROLE WHERE NAME='SuperAgentRole'),5041,SYSDATE,null,'CPSA_1',null);
INSERT INTO AGENT_ROLE_FEATURE_MAP VALUES(SEQ_AGENT_ROLE_FEATURE_MAP.NEXTVAL,(SELECT ID FROM AGENT_ROLE WHERE NAME='SuperAgentRole'),5042,SYSDATE,null,'CPSA_1',null);
INSERT INTO AGENT_ROLE_FEATURE_MAP VALUES(SEQ_AGENT_ROLE_FEATURE_MAP.NEXTVAL,(SELECT ID FROM AGENT_ROLE WHERE NAME='SuperAgentRole'),5043,SYSDATE,null,'CPSA_1',null);
--INSERT INTO AGENT_ROLE_FEATURE_MAP VALUES(SEQ_AGENT_ROLE_FEATURE_MAP.NEXTVAL,(SELECT ID FROM AGENT_ROLE WHERE NAME='SuperAgentRole'),5044,SYSDATE,null,'CPSA_1',null);
INSERT INTO AGENT_ROLE_FEATURE_MAP VALUES(SEQ_AGENT_ROLE_FEATURE_MAP.NEXTVAL,(SELECT ID FROM AGENT_ROLE WHERE NAME='SuperAgentRole'),5045,SYSDATE,null,'CPSA_1',null);
INSERT INTO AGENT_ROLE_FEATURE_MAP VALUES(SEQ_AGENT_ROLE_FEATURE_MAP.NEXTVAL,(SELECT ID FROM AGENT_ROLE WHERE NAME='SuperAgentRole'),5046,SYSDATE,null,'CPSA_1',null);
INSERT INTO AGENT_ROLE_FEATURE_MAP VALUES(SEQ_AGENT_ROLE_FEATURE_MAP.NEXTVAL,(SELECT ID FROM AGENT_ROLE WHERE NAME='SuperAgentRole'),5047,SYSDATE,null,'CPSA_1',null);
INSERT INTO AGENT_ROLE_FEATURE_MAP VALUES(SEQ_AGENT_ROLE_FEATURE_MAP.NEXTVAL,(SELECT ID FROM AGENT_ROLE WHERE NAME='SuperAgentRole'),5048,SYSDATE,null,'CPSA_1',null);
INSERT INTO AGENT_ROLE_FEATURE_MAP VALUES(SEQ_AGENT_ROLE_FEATURE_MAP.NEXTVAL,(SELECT ID FROM AGENT_ROLE WHERE NAME='SuperAgentRole'),5049,SYSDATE,null,'CPSA_1',null);
INSERT INTO AGENT_ROLE_FEATURE_MAP VALUES(SEQ_AGENT_ROLE_FEATURE_MAP.NEXTVAL,(SELECT ID FROM AGENT_ROLE WHERE NAME='SuperAgentRole'),5050,SYSDATE,null,'CPSA_1',null);
INSERT INTO AGENT_ROLE_FEATURE_MAP VALUES(SEQ_AGENT_ROLE_FEATURE_MAP.NEXTVAL,(SELECT ID FROM AGENT_ROLE WHERE NAME='SuperAgentRole'),5051,SYSDATE,null,'CPSA_1',null);
INSERT INTO AGENT_ROLE_FEATURE_MAP VALUES(SEQ_AGENT_ROLE_FEATURE_MAP.NEXTVAL,(SELECT ID FROM AGENT_ROLE WHERE NAME='SuperAgentRole'),5052,SYSDATE,null,'CPSA_1',null);
INSERT INTO AGENT_ROLE_FEATURE_MAP VALUES(SEQ_AGENT_ROLE_FEATURE_MAP.NEXTVAL,(SELECT ID FROM AGENT_ROLE WHERE NAME='SuperAgentRole'),5053,SYSDATE,null,'CPSA_1',null);
INSERT INTO AGENT_ROLE_FEATURE_MAP VALUES(SEQ_AGENT_ROLE_FEATURE_MAP.NEXTVAL,(SELECT ID FROM AGENT_ROLE WHERE NAME='SuperAgentRole'),5054,SYSDATE,null,'CPSA_1',null);
INSERT INTO AGENT_ROLE_FEATURE_MAP VALUES(SEQ_AGENT_ROLE_FEATURE_MAP.NEXTVAL,(SELECT ID FROM AGENT_ROLE WHERE NAME='SuperAgentRole'),5055,SYSDATE,null,'CPSA_1',null);


-- Insert scripts for System initiator agent admin role feature map
INSERT INTO AGENT_ROLE_FEATURE_MAP VALUES(SEQ_AGENT_ROLE_FEATURE_MAP.NEXTVAL,(SELECT ID FROM AGENT_ROLE WHERE NAME='SystemInitiatorRole'),5000,SYSDATE,null,'CPSA_1',null);
INSERT INTO AGENT_ROLE_FEATURE_MAP VALUES(SEQ_AGENT_ROLE_FEATURE_MAP.NEXTVAL,(SELECT ID FROM AGENT_ROLE WHERE NAME='SystemInitiatorRole'),5001,SYSDATE,null,'CPSA_1',null);
INSERT INTO AGENT_ROLE_FEATURE_MAP VALUES(SEQ_AGENT_ROLE_FEATURE_MAP.NEXTVAL,(SELECT ID FROM AGENT_ROLE WHERE NAME='SystemInitiatorRole'),5002,SYSDATE,null,'CPSA_1',null);
INSERT INTO AGENT_ROLE_FEATURE_MAP VALUES(SEQ_AGENT_ROLE_FEATURE_MAP.NEXTVAL,(SELECT ID FROM AGENT_ROLE WHERE NAME='SystemInitiatorRole'),5003,SYSDATE,null,'CPSA_1',null);
INSERT INTO AGENT_ROLE_FEATURE_MAP VALUES(SEQ_AGENT_ROLE_FEATURE_MAP.NEXTVAL,(SELECT ID FROM AGENT_ROLE WHERE NAME='SystemInitiatorRole'),5004,SYSDATE,null,'CPSA_1',null);
INSERT INTO AGENT_ROLE_FEATURE_MAP VALUES(SEQ_AGENT_ROLE_FEATURE_MAP.NEXTVAL,(SELECT ID FROM AGENT_ROLE WHERE NAME='SystemInitiatorRole'),5005,SYSDATE,null,'CPSA_1',null);
INSERT INTO AGENT_ROLE_FEATURE_MAP VALUES(SEQ_AGENT_ROLE_FEATURE_MAP.NEXTVAL,(SELECT ID FROM AGENT_ROLE WHERE NAME='SystemInitiatorRole'),5006,SYSDATE,null,'CPSA_1',null);
INSERT INTO AGENT_ROLE_FEATURE_MAP VALUES(SEQ_AGENT_ROLE_FEATURE_MAP.NEXTVAL,(SELECT ID FROM AGENT_ROLE WHERE NAME='SystemInitiatorRole'),5007,SYSDATE,null,'CPSA_1',null);
INSERT INTO AGENT_ROLE_FEATURE_MAP VALUES(SEQ_AGENT_ROLE_FEATURE_MAP.NEXTVAL,(SELECT ID FROM AGENT_ROLE WHERE NAME='SystemInitiatorRole'),5008,SYSDATE,null,'CPSA_1',null);
INSERT INTO AGENT_ROLE_FEATURE_MAP VALUES(SEQ_AGENT_ROLE_FEATURE_MAP.NEXTVAL,(SELECT ID FROM AGENT_ROLE WHERE NAME='SystemInitiatorRole'),5009,SYSDATE,null,'CPSA_1',null);
INSERT INTO AGENT_ROLE_FEATURE_MAP VALUES(SEQ_AGENT_ROLE_FEATURE_MAP.NEXTVAL,(SELECT ID FROM AGENT_ROLE WHERE NAME='SystemInitiatorRole'),5010,SYSDATE,null,'CPSA_1',null);
INSERT INTO AGENT_ROLE_FEATURE_MAP VALUES(SEQ_AGENT_ROLE_FEATURE_MAP.NEXTVAL,(SELECT ID FROM AGENT_ROLE WHERE NAME='SystemInitiatorRole'),5011,SYSDATE,null,'CPSA_1',null);
INSERT INTO AGENT_ROLE_FEATURE_MAP VALUES(SEQ_AGENT_ROLE_FEATURE_MAP.NEXTVAL,(SELECT ID FROM AGENT_ROLE WHERE NAME='SystemInitiatorRole'),5012,SYSDATE,null,'CPSA_1',null);
INSERT INTO AGENT_ROLE_FEATURE_MAP VALUES(SEQ_AGENT_ROLE_FEATURE_MAP.NEXTVAL,(SELECT ID FROM AGENT_ROLE WHERE NAME='SystemInitiatorRole'),5013,SYSDATE,null,'CPSA_1',null);
INSERT INTO AGENT_ROLE_FEATURE_MAP VALUES(SEQ_AGENT_ROLE_FEATURE_MAP.NEXTVAL,(SELECT ID FROM AGENT_ROLE WHERE NAME='SystemInitiatorRole'),5038,SYSDATE,null,'CPSA_1',null);
INSERT INTO AGENT_ROLE_FEATURE_MAP VALUES(SEQ_AGENT_ROLE_FEATURE_MAP.NEXTVAL,(SELECT ID FROM AGENT_ROLE WHERE NAME='SystemInitiatorRole'),5039,SYSDATE,null,'CPSA_1',null);
INSERT INTO AGENT_ROLE_FEATURE_MAP VALUES(SEQ_AGENT_ROLE_FEATURE_MAP.NEXTVAL,(SELECT ID FROM AGENT_ROLE WHERE NAME='SystemInitiatorRole'),5040,SYSDATE,null,'CPSA_1',null);
INSERT INTO AGENT_ROLE_FEATURE_MAP VALUES(SEQ_AGENT_ROLE_FEATURE_MAP.NEXTVAL,(SELECT ID FROM AGENT_ROLE WHERE NAME='SystemInitiatorRole'),5041,SYSDATE,null,'CPSA_1',null);
INSERT INTO AGENT_ROLE_FEATURE_MAP VALUES(SEQ_AGENT_ROLE_FEATURE_MAP.NEXTVAL,(SELECT ID FROM AGENT_ROLE WHERE NAME='SystemInitiatorRole'),5042,SYSDATE,null,'CPSA_1',null);
INSERT INTO AGENT_ROLE_FEATURE_MAP VALUES(SEQ_AGENT_ROLE_FEATURE_MAP.NEXTVAL,(SELECT ID FROM AGENT_ROLE WHERE NAME='SystemInitiatorRole'),5043,SYSDATE,null,'CPSA_1',null);
INSERT INTO AGENT_ROLE_FEATURE_MAP VALUES(SEQ_AGENT_ROLE_FEATURE_MAP.NEXTVAL,(SELECT ID FROM AGENT_ROLE WHERE NAME='SystemInitiatorRole'),5045,SYSDATE,null,'CPSA_1',null);
INSERT INTO AGENT_ROLE_FEATURE_MAP VALUES(SEQ_AGENT_ROLE_FEATURE_MAP.NEXTVAL,(SELECT ID FROM AGENT_ROLE WHERE NAME='SystemInitiatorRole'),5047,SYSDATE,null,'CPSA_1',null);
INSERT INTO AGENT_ROLE_FEATURE_MAP VALUES(SEQ_AGENT_ROLE_FEATURE_MAP.NEXTVAL,(SELECT ID FROM AGENT_ROLE WHERE NAME='SystemInitiatorRole'),5048,SYSDATE,null,'CPSA_1',null);
INSERT INTO AGENT_ROLE_FEATURE_MAP VALUES(SEQ_AGENT_ROLE_FEATURE_MAP.NEXTVAL,(SELECT ID FROM AGENT_ROLE WHERE NAME='SystemInitiatorRole'),5049,SYSDATE,null,'CPSA_1',null);
INSERT INTO AGENT_ROLE_FEATURE_MAP VALUES(SEQ_AGENT_ROLE_FEATURE_MAP.NEXTVAL,(SELECT ID FROM AGENT_ROLE WHERE NAME='SystemInitiatorRole'),5050,SYSDATE,null,'CPSA_1',null);
INSERT INTO AGENT_ROLE_FEATURE_MAP VALUES(SEQ_AGENT_ROLE_FEATURE_MAP.NEXTVAL,(SELECT ID FROM AGENT_ROLE WHERE NAME='SystemInitiatorRole'),5051,SYSDATE,null,'CPSA_1',null);
INSERT INTO AGENT_ROLE_FEATURE_MAP VALUES(SEQ_AGENT_ROLE_FEATURE_MAP.NEXTVAL,(SELECT ID FROM AGENT_ROLE WHERE NAME='SystemInitiatorRole'),5052,SYSDATE,null,'CPSA_1',null);

-- Insert scripts for System approver agent admin role feature map
INSERT INTO AGENT_ROLE_FEATURE_MAP VALUES(SEQ_AGENT_ROLE_FEATURE_MAP.NEXTVAL,(SELECT ID FROM AGENT_ROLE WHERE NAME='SystemApproverRole'),5000,SYSDATE,null,'CPSA_1',null);
INSERT INTO AGENT_ROLE_FEATURE_MAP VALUES(SEQ_AGENT_ROLE_FEATURE_MAP.NEXTVAL,(SELECT ID FROM AGENT_ROLE WHERE NAME='SystemApproverRole'),5001,SYSDATE,null,'CPSA_1',null);
INSERT INTO AGENT_ROLE_FEATURE_MAP VALUES(SEQ_AGENT_ROLE_FEATURE_MAP.NEXTVAL,(SELECT ID FROM AGENT_ROLE WHERE NAME='SystemApproverRole'),5002,SYSDATE,null,'CPSA_1',null);
INSERT INTO AGENT_ROLE_FEATURE_MAP VALUES(SEQ_AGENT_ROLE_FEATURE_MAP.NEXTVAL,(SELECT ID FROM AGENT_ROLE WHERE NAME='SystemApproverRole'),5003,SYSDATE,null,'CPSA_1',null);
INSERT INTO AGENT_ROLE_FEATURE_MAP VALUES(SEQ_AGENT_ROLE_FEATURE_MAP.NEXTVAL,(SELECT ID FROM AGENT_ROLE WHERE NAME='SystemApproverRole'),5004,SYSDATE,null,'CPSA_1',null);
INSERT INTO AGENT_ROLE_FEATURE_MAP VALUES(SEQ_AGENT_ROLE_FEATURE_MAP.NEXTVAL,(SELECT ID FROM AGENT_ROLE WHERE NAME='SystemApproverRole'),5005,SYSDATE,null,'CPSA_1',null);
INSERT INTO AGENT_ROLE_FEATURE_MAP VALUES(SEQ_AGENT_ROLE_FEATURE_MAP.NEXTVAL,(SELECT ID FROM AGENT_ROLE WHERE NAME='SystemApproverRole'),5038,SYSDATE,null,'CPSA_1',null);
INSERT INTO AGENT_ROLE_FEATURE_MAP VALUES(SEQ_AGENT_ROLE_FEATURE_MAP.NEXTVAL,(SELECT ID FROM AGENT_ROLE WHERE NAME='SystemApproverRole'),5039,SYSDATE,null,'CPSA_1',null);
INSERT INTO AGENT_ROLE_FEATURE_MAP VALUES(SEQ_AGENT_ROLE_FEATURE_MAP.NEXTVAL,(SELECT ID FROM AGENT_ROLE WHERE NAME='SystemApproverRole'),5040,SYSDATE,null,'CPSA_1',null);
INSERT INTO AGENT_ROLE_FEATURE_MAP VALUES(SEQ_AGENT_ROLE_FEATURE_MAP.NEXTVAL,(SELECT ID FROM AGENT_ROLE WHERE NAME='SystemApproverRole'),5041,SYSDATE,null,'CPSA_1',null);
INSERT INTO AGENT_ROLE_FEATURE_MAP VALUES(SEQ_AGENT_ROLE_FEATURE_MAP.NEXTVAL,(SELECT ID FROM AGENT_ROLE WHERE NAME='SystemApproverRole'),5042,SYSDATE,null,'CPSA_1',null);
INSERT INTO AGENT_ROLE_FEATURE_MAP VALUES(SEQ_AGENT_ROLE_FEATURE_MAP.NEXTVAL,(SELECT ID FROM AGENT_ROLE WHERE NAME='SystemApproverRole'),5043,SYSDATE,null,'CPSA_1',null);
INSERT INTO AGENT_ROLE_FEATURE_MAP VALUES(SEQ_AGENT_ROLE_FEATURE_MAP.NEXTVAL,(SELECT ID FROM AGENT_ROLE WHERE NAME='SystemApproverRole'),5049,SYSDATE,null,'CPSA_1',null);
INSERT INTO AGENT_ROLE_FEATURE_MAP VALUES(SEQ_AGENT_ROLE_FEATURE_MAP.NEXTVAL,(SELECT ID FROM AGENT_ROLE WHERE NAME='SystemApproverRole'),5050,SYSDATE,null,'CPSA_1',null);
INSERT INTO AGENT_ROLE_FEATURE_MAP VALUES(SEQ_AGENT_ROLE_FEATURE_MAP.NEXTVAL,(SELECT ID FROM AGENT_ROLE WHERE NAME='SystemApproverRole'),5051,SYSDATE,null,'CPSA_1',null);

-- Insert scripts for System initiator and approver agent admin role feature map
INSERT INTO AGENT_ROLE_FEATURE_MAP VALUES(SEQ_AGENT_ROLE_FEATURE_MAP.NEXTVAL,(SELECT ID FROM AGENT_ROLE WHERE NAME='SystemApproverInitiatorRole'),5000,SYSDATE,null,'CPSA_1',null);
INSERT INTO AGENT_ROLE_FEATURE_MAP VALUES(SEQ_AGENT_ROLE_FEATURE_MAP.NEXTVAL,(SELECT ID FROM AGENT_ROLE WHERE NAME='SystemApproverInitiatorRole'),5001,SYSDATE,null,'CPSA_1',null);
INSERT INTO AGENT_ROLE_FEATURE_MAP VALUES(SEQ_AGENT_ROLE_FEATURE_MAP.NEXTVAL,(SELECT ID FROM AGENT_ROLE WHERE NAME='SystemApproverInitiatorRole'),5002,SYSDATE,null,'CPSA_1',null);
INSERT INTO AGENT_ROLE_FEATURE_MAP VALUES(SEQ_AGENT_ROLE_FEATURE_MAP.NEXTVAL,(SELECT ID FROM AGENT_ROLE WHERE NAME='SystemApproverInitiatorRole'),5003,SYSDATE,null,'CPSA_1',null);
INSERT INTO AGENT_ROLE_FEATURE_MAP VALUES(SEQ_AGENT_ROLE_FEATURE_MAP.NEXTVAL,(SELECT ID FROM AGENT_ROLE WHERE NAME='SystemApproverInitiatorRole'),5004,SYSDATE,null,'CPSA_1',null);
INSERT INTO AGENT_ROLE_FEATURE_MAP VALUES(SEQ_AGENT_ROLE_FEATURE_MAP.NEXTVAL,(SELECT ID FROM AGENT_ROLE WHERE NAME='SystemApproverInitiatorRole'),5005,SYSDATE,null,'CPSA_1',null);
INSERT INTO AGENT_ROLE_FEATURE_MAP VALUES(SEQ_AGENT_ROLE_FEATURE_MAP.NEXTVAL,(SELECT ID FROM AGENT_ROLE WHERE NAME='SystemApproverInitiatorRole'),5006,SYSDATE,null,'CPSA_1',null);
INSERT INTO AGENT_ROLE_FEATURE_MAP VALUES(SEQ_AGENT_ROLE_FEATURE_MAP.NEXTVAL,(SELECT ID FROM AGENT_ROLE WHERE NAME='SystemApproverInitiatorRole'),5007,SYSDATE,null,'CPSA_1',null);
INSERT INTO AGENT_ROLE_FEATURE_MAP VALUES(SEQ_AGENT_ROLE_FEATURE_MAP.NEXTVAL,(SELECT ID FROM AGENT_ROLE WHERE NAME='SystemApproverInitiatorRole'),5008,SYSDATE,null,'CPSA_1',null);
INSERT INTO AGENT_ROLE_FEATURE_MAP VALUES(SEQ_AGENT_ROLE_FEATURE_MAP.NEXTVAL,(SELECT ID FROM AGENT_ROLE WHERE NAME='SystemApproverInitiatorRole'),5009,SYSDATE,null,'CPSA_1',null);
INSERT INTO AGENT_ROLE_FEATURE_MAP VALUES(SEQ_AGENT_ROLE_FEATURE_MAP.NEXTVAL,(SELECT ID FROM AGENT_ROLE WHERE NAME='SystemApproverInitiatorRole'),5010,SYSDATE,null,'CPSA_1',null);
INSERT INTO AGENT_ROLE_FEATURE_MAP VALUES(SEQ_AGENT_ROLE_FEATURE_MAP.NEXTVAL,(SELECT ID FROM AGENT_ROLE WHERE NAME='SystemApproverInitiatorRole'),5011,SYSDATE,null,'CPSA_1',null);
INSERT INTO AGENT_ROLE_FEATURE_MAP VALUES(SEQ_AGENT_ROLE_FEATURE_MAP.NEXTVAL,(SELECT ID FROM AGENT_ROLE WHERE NAME='SystemApproverInitiatorRole'),5012,SYSDATE,null,'CPSA_1',null);
INSERT INTO AGENT_ROLE_FEATURE_MAP VALUES(SEQ_AGENT_ROLE_FEATURE_MAP.NEXTVAL,(SELECT ID FROM AGENT_ROLE WHERE NAME='SystemApproverInitiatorRole'),5013,SYSDATE,null,'CPSA_1',null);
INSERT INTO AGENT_ROLE_FEATURE_MAP VALUES(SEQ_AGENT_ROLE_FEATURE_MAP.NEXTVAL,(SELECT ID FROM AGENT_ROLE WHERE NAME='SystemApproverInitiatorRole'),5038,SYSDATE,null,'CPSA_1',null);
INSERT INTO AGENT_ROLE_FEATURE_MAP VALUES(SEQ_AGENT_ROLE_FEATURE_MAP.NEXTVAL,(SELECT ID FROM AGENT_ROLE WHERE NAME='SystemApproverInitiatorRole'),5039,SYSDATE,null,'CPSA_1',null);
INSERT INTO AGENT_ROLE_FEATURE_MAP VALUES(SEQ_AGENT_ROLE_FEATURE_MAP.NEXTVAL,(SELECT ID FROM AGENT_ROLE WHERE NAME='SystemApproverInitiatorRole'),5040,SYSDATE,null,'CPSA_1',null);
INSERT INTO AGENT_ROLE_FEATURE_MAP VALUES(SEQ_AGENT_ROLE_FEATURE_MAP.NEXTVAL,(SELECT ID FROM AGENT_ROLE WHERE NAME='SystemApproverInitiatorRole'),5041,SYSDATE,null,'CPSA_1',null);
INSERT INTO AGENT_ROLE_FEATURE_MAP VALUES(SEQ_AGENT_ROLE_FEATURE_MAP.NEXTVAL,(SELECT ID FROM AGENT_ROLE WHERE NAME='SystemApproverInitiatorRole'),5042,SYSDATE,null,'CPSA_1',null);
INSERT INTO AGENT_ROLE_FEATURE_MAP VALUES(SEQ_AGENT_ROLE_FEATURE_MAP.NEXTVAL,(SELECT ID FROM AGENT_ROLE WHERE NAME='SystemApproverInitiatorRole'),5043,SYSDATE,null,'CPSA_1',null);
INSERT INTO AGENT_ROLE_FEATURE_MAP VALUES(SEQ_AGENT_ROLE_FEATURE_MAP.NEXTVAL,(SELECT ID FROM AGENT_ROLE WHERE NAME='SystemApproverInitiatorRole'),5045,SYSDATE,null,'CPSA_1',null);
INSERT INTO AGENT_ROLE_FEATURE_MAP VALUES(SEQ_AGENT_ROLE_FEATURE_MAP.NEXTVAL,(SELECT ID FROM AGENT_ROLE WHERE NAME='SystemApproverInitiatorRole'),5047,SYSDATE,null,'CPSA_1',null);
INSERT INTO AGENT_ROLE_FEATURE_MAP VALUES(SEQ_AGENT_ROLE_FEATURE_MAP.NEXTVAL,(SELECT ID FROM AGENT_ROLE WHERE NAME='SystemApproverInitiatorRole'),5048,SYSDATE,null,'CPSA_1',null);
INSERT INTO AGENT_ROLE_FEATURE_MAP VALUES(SEQ_AGENT_ROLE_FEATURE_MAP.NEXTVAL,(SELECT ID FROM AGENT_ROLE WHERE NAME='SystemApproverInitiatorRole'),5049,SYSDATE,null,'CPSA_1',null);
INSERT INTO AGENT_ROLE_FEATURE_MAP VALUES(SEQ_AGENT_ROLE_FEATURE_MAP.NEXTVAL,(SELECT ID FROM AGENT_ROLE WHERE NAME='SystemApproverInitiatorRole'),5050,SYSDATE,null,'CPSA_1',null);
INSERT INTO AGENT_ROLE_FEATURE_MAP VALUES(SEQ_AGENT_ROLE_FEATURE_MAP.NEXTVAL,(SELECT ID FROM AGENT_ROLE WHERE NAME='SystemApproverInitiatorRole'),5051,SYSDATE,null,'CPSA_1',null);
INSERT INTO AGENT_ROLE_FEATURE_MAP VALUES(SEQ_AGENT_ROLE_FEATURE_MAP.NEXTVAL,(SELECT ID FROM AGENT_ROLE WHERE NAME='SystemApproverInitiatorRole'),5052,SYSDATE,null,'CPSA_1',null);


-- Insert scripts for System card loader agent admin role feature map
INSERT INTO AGENT_ROLE_FEATURE_MAP VALUES(SEQ_AGENT_ROLE_FEATURE_MAP.NEXTVAL,(SELECT ID FROM AGENT_ROLE WHERE NAME='SystemCardLoaderRole'),5000,SYSDATE,null,'CPSA_1',null);
INSERT INTO AGENT_ROLE_FEATURE_MAP VALUES(SEQ_AGENT_ROLE_FEATURE_MAP.NEXTVAL,(SELECT ID FROM AGENT_ROLE WHERE NAME='SystemCardLoaderRole'),5001,SYSDATE,null,'CPSA_1',null);
INSERT INTO AGENT_ROLE_FEATURE_MAP VALUES(SEQ_AGENT_ROLE_FEATURE_MAP.NEXTVAL,(SELECT ID FROM AGENT_ROLE WHERE NAME='SystemCardLoaderRole'),5002,SYSDATE,null,'CPSA_1',null);
INSERT INTO AGENT_ROLE_FEATURE_MAP VALUES(SEQ_AGENT_ROLE_FEATURE_MAP.NEXTVAL,(SELECT ID FROM AGENT_ROLE WHERE NAME='SystemCardLoaderRole'),5003,SYSDATE,null,'CPSA_1',null);
INSERT INTO AGENT_ROLE_FEATURE_MAP VALUES(SEQ_AGENT_ROLE_FEATURE_MAP.NEXTVAL,(SELECT ID FROM AGENT_ROLE WHERE NAME='SystemCardLoaderRole'),5004,SYSDATE,null,'CPSA_1',null);
INSERT INTO AGENT_ROLE_FEATURE_MAP VALUES(SEQ_AGENT_ROLE_FEATURE_MAP.NEXTVAL,(SELECT ID FROM AGENT_ROLE WHERE NAME='SystemCardLoaderRole'),5005,SYSDATE,null,'CPSA_1',null);
INSERT INTO AGENT_ROLE_FEATURE_MAP VALUES(SEQ_AGENT_ROLE_FEATURE_MAP.NEXTVAL,(SELECT ID FROM AGENT_ROLE WHERE NAME='SystemCardLoaderRole'),5006,SYSDATE,null,'CPSA_1',null);
INSERT INTO AGENT_ROLE_FEATURE_MAP VALUES(SEQ_AGENT_ROLE_FEATURE_MAP.NEXTVAL,(SELECT ID FROM AGENT_ROLE WHERE NAME='SystemCardLoaderRole'),5007,SYSDATE,null,'CPSA_1',null);
INSERT INTO AGENT_ROLE_FEATURE_MAP VALUES(SEQ_AGENT_ROLE_FEATURE_MAP.NEXTVAL,(SELECT ID FROM AGENT_ROLE WHERE NAME='SystemCardLoaderRole'),5008,SYSDATE,null,'CPSA_1',null);
INSERT INTO AGENT_ROLE_FEATURE_MAP VALUES(SEQ_AGENT_ROLE_FEATURE_MAP.NEXTVAL,(SELECT ID FROM AGENT_ROLE WHERE NAME='SystemCardLoaderRole'),5009,SYSDATE,null,'CPSA_1',null);
INSERT INTO AGENT_ROLE_FEATURE_MAP VALUES(SEQ_AGENT_ROLE_FEATURE_MAP.NEXTVAL,(SELECT ID FROM AGENT_ROLE WHERE NAME='SystemCardLoaderRole'),5010,SYSDATE,null,'CPSA_1',null);
INSERT INTO AGENT_ROLE_FEATURE_MAP VALUES(SEQ_AGENT_ROLE_FEATURE_MAP.NEXTVAL,(SELECT ID FROM AGENT_ROLE WHERE NAME='SystemCardLoaderRole'),5011,SYSDATE,null,'CPSA_1',null);
INSERT INTO AGENT_ROLE_FEATURE_MAP VALUES(SEQ_AGENT_ROLE_FEATURE_MAP.NEXTVAL,(SELECT ID FROM AGENT_ROLE WHERE NAME='SystemCardLoaderRole'),5012,SYSDATE,null,'CPSA_1',null);
INSERT INTO AGENT_ROLE_FEATURE_MAP VALUES(SEQ_AGENT_ROLE_FEATURE_MAP.NEXTVAL,(SELECT ID FROM AGENT_ROLE WHERE NAME='SystemCardLoaderRole'),5013,SYSDATE,null,'CPSA_1',null);
INSERT INTO AGENT_ROLE_FEATURE_MAP VALUES(SEQ_AGENT_ROLE_FEATURE_MAP.NEXTVAL,(SELECT ID FROM AGENT_ROLE WHERE NAME='SystemCardLoaderRole'),5038,SYSDATE,null,'CPSA_1',null);
INSERT INTO AGENT_ROLE_FEATURE_MAP VALUES(SEQ_AGENT_ROLE_FEATURE_MAP.NEXTVAL,(SELECT ID FROM AGENT_ROLE WHERE NAME='SystemCardLoaderRole'),5039,SYSDATE,null,'CPSA_1',null);
INSERT INTO AGENT_ROLE_FEATURE_MAP VALUES(SEQ_AGENT_ROLE_FEATURE_MAP.NEXTVAL,(SELECT ID FROM AGENT_ROLE WHERE NAME='SystemCardLoaderRole'),5040,SYSDATE,null,'CPSA_1',null);
INSERT INTO AGENT_ROLE_FEATURE_MAP VALUES(SEQ_AGENT_ROLE_FEATURE_MAP.NEXTVAL,(SELECT ID FROM AGENT_ROLE WHERE NAME='SystemCardLoaderRole'),5041,SYSDATE,null,'CPSA_1',null);
INSERT INTO AGENT_ROLE_FEATURE_MAP VALUES(SEQ_AGENT_ROLE_FEATURE_MAP.NEXTVAL,(SELECT ID FROM AGENT_ROLE WHERE NAME='SystemCardLoaderRole'),5042,SYSDATE,null,'CPSA_1',null);
INSERT INTO AGENT_ROLE_FEATURE_MAP VALUES(SEQ_AGENT_ROLE_FEATURE_MAP.NEXTVAL,(SELECT ID FROM AGENT_ROLE WHERE NAME='SystemCardLoaderRole'),5043,SYSDATE,null,'CPSA_1',null);
INSERT INTO AGENT_ROLE_FEATURE_MAP VALUES(SEQ_AGENT_ROLE_FEATURE_MAP.NEXTVAL,(SELECT ID FROM AGENT_ROLE WHERE NAME='SystemCardLoaderRole'),5045,SYSDATE,null,'CPSA_1',null);
INSERT INTO AGENT_ROLE_FEATURE_MAP VALUES(SEQ_AGENT_ROLE_FEATURE_MAP.NEXTVAL,(SELECT ID FROM AGENT_ROLE WHERE NAME='SystemCardLoaderRole'),5047,SYSDATE,null,'CPSA_1',null);
INSERT INTO AGENT_ROLE_FEATURE_MAP VALUES(SEQ_AGENT_ROLE_FEATURE_MAP.NEXTVAL,(SELECT ID FROM AGENT_ROLE WHERE NAME='SystemCardLoaderRole'),5048,SYSDATE,null,'CPSA_1',null);
INSERT INTO AGENT_ROLE_FEATURE_MAP VALUES(SEQ_AGENT_ROLE_FEATURE_MAP.NEXTVAL,(SELECT ID FROM AGENT_ROLE WHERE NAME='SystemCardLoaderRole'),5049,SYSDATE,null,'CPSA_1',null);
INSERT INTO AGENT_ROLE_FEATURE_MAP VALUES(SEQ_AGENT_ROLE_FEATURE_MAP.NEXTVAL,(SELECT ID FROM AGENT_ROLE WHERE NAME='SystemCardLoaderRole'),5050,SYSDATE,null,'CPSA_1',null);
INSERT INTO AGENT_ROLE_FEATURE_MAP VALUES(SEQ_AGENT_ROLE_FEATURE_MAP.NEXTVAL,(SELECT ID FROM AGENT_ROLE WHERE NAME='SystemCardLoaderRole'),5051,SYSDATE,null,'CPSA_1',null);
INSERT INTO AGENT_ROLE_FEATURE_MAP VALUES(SEQ_AGENT_ROLE_FEATURE_MAP.NEXTVAL,(SELECT ID FROM AGENT_ROLE WHERE NAME='SystemCardLoaderRole'),5052,SYSDATE,null,'CPSA_1',null);

-- Insert scripts for System report agent admin role feature map
INSERT INTO AGENT_ROLE_FEATURE_MAP VALUES(SEQ_AGENT_ROLE_FEATURE_MAP.NEXTVAL,(SELECT ID FROM AGENT_ROLE WHERE NAME='SystemReportsRole'),5000,SYSDATE,null,'CPSA_1',null);
INSERT INTO AGENT_ROLE_FEATURE_MAP VALUES(SEQ_AGENT_ROLE_FEATURE_MAP.NEXTVAL,(SELECT ID FROM AGENT_ROLE WHERE NAME='SystemReportsRole'),5001,SYSDATE,null,'CPSA_1',null);
INSERT INTO AGENT_ROLE_FEATURE_MAP VALUES(SEQ_AGENT_ROLE_FEATURE_MAP.NEXTVAL,(SELECT ID FROM AGENT_ROLE WHERE NAME='SystemReportsRole'),5002,SYSDATE,null,'CPSA_1',null);
INSERT INTO AGENT_ROLE_FEATURE_MAP VALUES(SEQ_AGENT_ROLE_FEATURE_MAP.NEXTVAL,(SELECT ID FROM AGENT_ROLE WHERE NAME='SystemReportsRole'),5003,SYSDATE,null,'CPSA_1',null);
INSERT INTO AGENT_ROLE_FEATURE_MAP VALUES(SEQ_AGENT_ROLE_FEATURE_MAP.NEXTVAL,(SELECT ID FROM AGENT_ROLE WHERE NAME='SystemReportsRole'),5004,SYSDATE,null,'CPSA_1',null);
INSERT INTO AGENT_ROLE_FEATURE_MAP VALUES(SEQ_AGENT_ROLE_FEATURE_MAP.NEXTVAL,(SELECT ID FROM AGENT_ROLE WHERE NAME='SystemReportsRole'),5005,SYSDATE,null,'CPSA_1',null);
INSERT INTO AGENT_ROLE_FEATURE_MAP VALUES(SEQ_AGENT_ROLE_FEATURE_MAP.NEXTVAL,(SELECT ID FROM AGENT_ROLE WHERE NAME='SystemReportsRole'),5038,SYSDATE,null,'CPSA_1',null);
INSERT INTO AGENT_ROLE_FEATURE_MAP VALUES(SEQ_AGENT_ROLE_FEATURE_MAP.NEXTVAL,(SELECT ID FROM AGENT_ROLE WHERE NAME='SystemReportsRole'),5039,SYSDATE,null,'CPSA_1',null);
INSERT INTO AGENT_ROLE_FEATURE_MAP VALUES(SEQ_AGENT_ROLE_FEATURE_MAP.NEXTVAL,(SELECT ID FROM AGENT_ROLE WHERE NAME='SystemReportsRole'),5040,SYSDATE,null,'CPSA_1',null);
INSERT INTO AGENT_ROLE_FEATURE_MAP VALUES(SEQ_AGENT_ROLE_FEATURE_MAP.NEXTVAL,(SELECT ID FROM AGENT_ROLE WHERE NAME='SystemReportsRole'),5041,SYSDATE,null,'CPSA_1',null);
INSERT INTO AGENT_ROLE_FEATURE_MAP VALUES(SEQ_AGENT_ROLE_FEATURE_MAP.NEXTVAL,(SELECT ID FROM AGENT_ROLE WHERE NAME='SystemReportsRole'),5042,SYSDATE,null,'CPSA_1',null);
INSERT INTO AGENT_ROLE_FEATURE_MAP VALUES(SEQ_AGENT_ROLE_FEATURE_MAP.NEXTVAL,(SELECT ID FROM AGENT_ROLE WHERE NAME='SystemReportsRole'),5043,SYSDATE,null,'CPSA_1',null);
INSERT INTO AGENT_ROLE_FEATURE_MAP VALUES(SEQ_AGENT_ROLE_FEATURE_MAP.NEXTVAL,(SELECT ID FROM AGENT_ROLE WHERE NAME='SystemReportsRole'),5049,SYSDATE,null,'CPSA_1',null);
INSERT INTO AGENT_ROLE_FEATURE_MAP VALUES(SEQ_AGENT_ROLE_FEATURE_MAP.NEXTVAL,(SELECT ID FROM AGENT_ROLE WHERE NAME='SystemReportsRole'),5050,SYSDATE,null,'CPSA_1',null);
INSERT INTO AGENT_ROLE_FEATURE_MAP VALUES(SEQ_AGENT_ROLE_FEATURE_MAP.NEXTVAL,(SELECT ID FROM AGENT_ROLE WHERE NAME='SystemReportsRole'),5051,SYSDATE,null,'CPSA_1',null);


-----------Agent Status Report Scripts---------------

INSERT INTO PREPAID_FEATURE (FEATURE_ID,NAME,FEATURE_LEVEL,ROLE_TYPE,REF_FEATURE_ID,STATUS,CREATED_DATE) VALUES (219,'Agent Status Report',1,'CP_SUPER_ADMIN',146,'Active',SYSDATE);
INSERT INTO PORTAL_ROLE_FEATURE_MAP VALUES(SEQ_PORTAL_ROLE_FEATURE_MAP.NEXTVAL,1,219,SYSDATE,null,'CP_SUPER_ADMIN_1',null);
INSERT INTO ENTITY_FEATURE (ID,ENTITY_ID,FEATURE_ID) VALUES (SEQ_ENTITY_FEATURE.NEXTVAL,1,219);
INSERT INTO ENTITY_FEATURE (ID,ENTITY_ID,FEATURE_ID) VALUES (SEQ_ENTITY_FEATURE.NEXTVAL,3,219);
INSERT INTO ENTITY_FEATURE (ID,ENTITY_ID,FEATURE_ID) VALUES (SEQ_ENTITY_FEATURE.NEXTVAL,5,219);



------- AR Transaction Report Roles and Features ------

INSERT INTO PREPAID_FEATURE(FEATURE_ID,NAME,FEATURE_LEVEL,ROLE_TYPE,REF_FEATURE_ID,STATUS,CREATED_DATE)  VALUES (222,'AR Transactions Report',1,'CP_SUPER_ADMIN',146,'Active',SYSDATE);

 INSERT INTO PORTAL_ROLE_FEATURE_MAP VALUES(SEQ_PORTAL_ROLE_FEATURE_MAP.NEXTVAL,1,222,SYSDATE,null,'CP_SUPER_ADMIN_1',null);
 INSERT INTO ENTITY_FEATURE (ID,ENTITY_ID,FEATURE_ID) VALUES (SEQ_ENTITY_FEATURE.NEXTVAL,1,222);
 INSERT INTO ENTITY_FEATURE (ID,ENTITY_ID,FEATURE_ID) VALUES (SEQ_ENTITY_FEATURE.NEXTVAL,2,222);
 INSERT INTO ENTITY_FEATURE (ID,ENTITY_ID,FEATURE_ID) VALUES (SEQ_ENTITY_FEATURE.NEXTVAL,3,222);
 INSERT INTO ENTITY_FEATURE (ID,ENTITY_ID,FEATURE_ID) VALUES (SEQ_ENTITY_FEATURE.NEXTVAL,5,222);


------- Charge Back Transaction Report ------

INSERT INTO PREPAID_FEATURE (FEATURE_ID,NAME,FEATURE_LEVEL,ROLE_TYPE,REF_FEATURE_ID,STATUS,CREATED_DATE) VALUES (249,'Charge Back Transaction Report',1,'CP_SUPER_ADMIN',146,'Active',SYSDATE);
INSERT INTO PORTAL_ROLE_FEATURE_MAP VALUES(SEQ_PORTAL_ROLE_FEATURE_MAP.NEXTVAL,1,249,SYSDATE,null,'CP_SUPER_ADMIN_1',null);
INSERT INTO ENTITY_FEATURE (ID,ENTITY_ID,FEATURE_ID) VALUES (SEQ_ENTITY_FEATURE.NEXTVAL,1,249);




------- Card Expiration Report ------

INSERT INTO PREPAID_FEATURE (FEATURE_ID,NAME,FEATURE_LEVEL,ROLE_TYPE,REF_FEATURE_ID,STATUS,CREATED_DATE) VALUES (253,'Card Expiration Report',1,'CP_SUPER_ADMIN',146,'Active',SYSDATE);
INSERT INTO PORTAL_ROLE_FEATURE_MAP VALUES(SEQ_PORTAL_ROLE_FEATURE_MAP.NEXTVAL,1,253,SYSDATE,null,'CP_SUPER_ADMIN_1',null);
INSERT INTO ENTITY_FEATURE (ID,ENTITY_ID,FEATURE_ID) VALUES (SEQ_ENTITY_FEATURE.NEXTVAL,1,253);



------- Master Bank Report ------

INSERT INTO PREPAID_FEATURE (FEATURE_ID,NAME,FEATURE_LEVEL,ROLE_TYPE,REF_FEATURE_ID,STATUS,CREATED_DATE) VALUES (195,'Master Bank Report',1,'CP_SUPER_ADMIN',146,'Active',SYSDATE);
INSERT INTO ENTITY_FEATURE (ID,ENTITY_ID,FEATURE_ID) VALUES (SEQ_ENTITY_FEATURE.NEXTVAL,1,195);
INSERT INTO ENTITY_FEATURE (ID,ENTITY_ID,FEATURE_ID) VALUES (SEQ_ENTITY_FEATURE.NEXTVAL,2,195);
INSERT INTO ENTITY_FEATURE (ID,ENTITY_ID,FEATURE_ID) VALUES (SEQ_ENTITY_FEATURE.NEXTVAL,3,195);
INSERT INTO PORTAL_ROLE_FEATURE_MAP VALUES(SEQ_PORTAL_ROLE_FEATURE_MAP.NEXTVAL,1,195,SYSDATE,null,'CP_SUPER_ADMIN_1',null);



------- QMR Report ------


INSERT INTO PREPAID_FEATURE (FEATURE_ID,NAME,FEATURE_LEVEL,ROLE_TYPE,REF_FEATURE_ID,STATUS,CREATED_DATE) VALUES (256,'QMR Report',1,'CP_SUPER_ADMIN',146,'Active',SYSDATE);
INSERT INTO PORTAL_ROLE_FEATURE_MAP VALUES(SEQ_PORTAL_ROLE_FEATURE_MAP.NEXTVAL,1,256,SYSDATE,null,'CP_SUPER_ADMIN_1',null);
INSERT INTO ENTITY_FEATURE (ID,ENTITY_ID,FEATURE_ID) VALUES (SEQ_ENTITY_FEATURE.NEXTVAL,1,256);



------- Customer Statement and Agent Statement  ------

INSERT INTO PREPAID_FEATURE (FEATURE_ID,NAME,FEATURE_LEVEL,ROLE_TYPE,REF_FEATURE_ID,STATUS,CREATED_DATE) VALUES (192,'Customer Statement',1,'CP_SUPER_ADMIN',146,'Active',SYSDATE);
INSERT INTO PREPAID_FEATURE (FEATURE_ID,NAME,FEATURE_LEVEL,ROLE_TYPE,REF_FEATURE_ID,STATUS,CREATED_DATE) VALUES (193,'Agent Statement',1,'CP_SUPER_ADMIN',146,'Active',SYSDATE);

INSERT INTO ENTITY_FEATURE (ID,ENTITY_ID,FEATURE_ID) VALUES (SEQ_ENTITY_FEATURE.NEXTVAL,1,192);
INSERT INTO ENTITY_FEATURE (ID,ENTITY_ID,FEATURE_ID) VALUES (SEQ_ENTITY_FEATURE.NEXTVAL,1,193);

INSERT INTO PORTAL_ROLE_FEATURE_MAP VALUES(SEQ_PORTAL_ROLE_FEATURE_MAP.NEXTVAL,1,192,SYSDATE,null,'CP_SUPER_ADMIN_1',null);
INSERT INTO PORTAL_ROLE_FEATURE_MAP VALUES(SEQ_PORTAL_ROLE_FEATURE_MAP.NEXTVAL,1,193,SYSDATE,null,'CP_SUPER_ADMIN_1',null);





-- Commit
COMMIT;